,id_str,score,text,anger,anticipation,disgust,fear,joy,negative,positive,sadness,surprise,trust
0,927851452185407490,-1.0,....and has been horrible on Virginia economy. Vote @EdWGillespie today!,0.15384615384615385,0.07692307692307693,0.07692307692307693,0.07692307692307693,0.07692307692307693,0.15384615384615385,0.07692307692307693,0.07692307692307693,0.07692307692307693,0.15384615384615385
1,925806343855984647,-0.9,We mourn the horrifying terrorist attack in NYC. All of America is praying and grieving for the families who lost t‚Ä¶ https://t.co/gnCvusZ0Ud,0.08333333333333333,0.0,0.08333333333333333,0.125,0.0,0.20833333333333334,0.0,0.16666666666666666,0.041666666666666664,0.0
2,924639422066384896,-0.8999999999999999,"...""collusion,"" which doesn't exist. The Dems are using this terrible (and bad for our country) Witch Hunt for evil politics, but the R's...",0.1875,0.0,0.15625,0.15625,0.0,0.15625,0.0,0.125,0.0,0.0
3,922798321739161600,-0.6999999999999998,"Bob Corker, who helped President O give us the bad Iran Deal &amp; couldn't get elected dog catcher in Tennessee, is now fighting Tax Cuts....",0.07142857142857142,0.03571428571428571,0.03571428571428571,0.03571428571428571,0.03571428571428571,0.10714285714285714,0.07142857142857142,0.07142857142857142,0.03571428571428571,0.07142857142857142
4,927644826006425601,-0.5,"The state of Virginia economy, under Democrat rule, has been terrible. If you vote Ed Gillespie tomorrow, it will come roaring back!",0.07407407407407407,0.07407407407407407,0.037037037037037035,0.07407407407407407,0.037037037037037035,0.07407407407407407,0.037037037037037035,0.07407407407407407,0.037037037037037035,0.1111111111111111
5,925474979914887168,-0.4642857142857143,"In NYC, looks like another attack by a very sick and deranged person. Law enforcement is following this closely. NOT IN THE U.S.A.!",0.0625,0.0,0.0625,0.0625,0.0,0.125,0.0,0.03125,0.0,0.03125
6,925364408364171265,-0.4375,"....earth shattering. He and his brother could Drain The Swamp, which would be yet another campaign promise fulfilled. Fake News weak!",0.0,0.0,0.038461538461538464,0.038461538461538464,0.038461538461538464,0.07692307692307693,0.07692307692307693,0.0,0.0,0.07692307692307693
7,928793643367960576,-0.4,"I am leaving China for #APEC2017 in Vietnam. @FLOTUS Melania is staying behind to see the zoo, and of course, the G‚Ä¶ https://t.co/j2kDjWvnsj",0.0,0.0,0.0,0.0,0.0,0.0,0.0,0.0,0.0,0.0
8,921828280998744066,-0.4,"Officials behind the now discredited ""Dossier"" plead the Fifth. Justice Department and/or FBI should immediately release who paid for it.",0.0,0.038461538461538464,0.0,0.0,0.0,0.038461538461538464,0.07692307692307693,0.0,0.0,0.038461538461538464
9,924635359480303616,-0.4,"Never seen such Republican ANGER &amp; UNITY as I have concerning the lack of investigation on Clinton made Fake Dossier (now $12,000,000?),....",0.03333333333333333,0.03333333333333333,0.0,0.0,0.0,0.1,0.03333333333333333,0.0,0.0,0.03333333333333333
10,924400308834455552,-0.3041666666666667,While not at all presidential I must point out that the Sloppy Michael Moore Show on Broadway was a TOTAL BOMB and was forced to close. Sad!,0.034482758620689655,0.0,0.034482758620689655,0.06896551724137931,0.0,0.10344827586206896,0.0,0.034482758620689655,0.034482758620689655,0.034482758620689655
11,923720632122200064,-0.3,"WORKING TOGETHER, we will defeat this #OpioidEpidemic &amp; free our nation from the terrible affliction of drug abuse.‚Ä¶ https://t.co/Mw8xZxOEUn",0.09090909090909091,0.0,0.13636363636363635,0.13636363636363635,0.0,0.18181818181818182,0.045454545454545456,0.13636363636363635,0.0,0.045454545454545456
12,928074747316928513,-0.2916666666666667,"Ed Gillespie worked hard but did not embrace me or what I stand for. Don‚Äôt forget, Republicans won 4 out of 4 House‚Ä¶ https://t.co/HODixMtPNw",0.0,0.034482758620689655,0.0,0.0,0.034482758620689655,0.034482758620689655,0.06896551724137931,0.0,0.034482758620689655,0.06896551724137931
13,922828476872318976,-0.2916666666666667,"Sen. Corker is the incompetent head of the Foreign Relations Committee, &amp; look how poorly the U.S. has done. He doesn't have a clue as.....",0.03125,0.03125,0.0,0.0,0.0,0.09375,0.0,0.03125,0.0,0.03125
14,923147501418446849,-0.2875,"""Clinton campaign &amp; DNC paid for research that led to the anti-Trump Fake News Dossier. The victim here is the President."" @FoxNews",0.038461538461538464,0.0,0.0,0.038461538461538464,0.0,0.07692307692307693,0.038461538461538464,0.038461538461538464,0.0,0.038461538461538464
15,925333956110757888,-0.275,"The Fake News is working overtime. As Paul Manaforts lawyer said, there was ""no collusion"" and events mentioned took place long before he...",0.07142857142857142,0.03571428571428571,0.07142857142857142,0.07142857142857142,0.0,0.10714285714285714,0.03571428571428571,0.03571428571428571,0.0,0.0
16,928279728125108225,-0.25,NoKo has interpreted America's past restraint as weakness. This would be a fatal miscalculation. Do not underestima‚Ä¶ https://t.co/3ZqTpo7GrT,0.047619047619047616,0.0,0.0,0.047619047619047616,0.0,0.09523809523809523,0.047619047619047616,0.047619047619047616,0.0,0.0
17,925005659569041409,-0.25,"Sorry, but this is years ago, before Paul Manafort was part of the Trump campaign. But why aren't Crooked Hillary &amp; the Dems the focus?????",0.0,0.0,0.0,0.0,0.0,0.0,0.03225806451612903,0.0,0.03225806451612903,0.0
18,928769154345324544,-0.25,"I don‚Äôt blame China, I blame the incompetence of past Admins for allowing China to take advantage of the U.S. on tr‚Ä¶ https://t.co/zql9WFEZlF",0.06666666666666667,0.0,0.06666666666666667,0.0,0.0,0.1,0.06666666666666667,0.0,0.0,0.03333333333333333
19,928098389966942208,-0.25,Anyone who doubts the strength or determination of the U.S. should look to our past....and you will doubt it no lon‚Ä¶ https://t.co/n1Dc7xNmcg,0.0,0.0,0.0,0.03571428571428571,0.0,0.03571428571428571,0.07142857142857142,0.03571428571428571,0.0,0.10714285714285714
20,922072236592435200,-0.209375,"It is finally sinking through. 46% OF PEOPLE BELIEVE MAJOR NATIONAL NEWS ORGS FABRICATE STORIES ABOUT ME. FAKE NEWS, even worse! Lost cred.",0.0,0.034482758620689655,0.034482758620689655,0.034482758620689655,0.034482758620689655,0.13793103448275862,0.06896551724137931,0.06896551724137931,0.034482758620689655,0.034482758620689655
21,923976737788227584,-0.2,We are inspired by the stories of everyday heroes who pull their communities from the depths of despair through lea‚Ä¶ https://t.co/QsxRShJWmQ,0.045454545454545456,0.0,0.045454545454545456,0.045454545454545456,0.045454545454545456,0.045454545454545456,0.09090909090909091,0.045454545454545456,0.045454545454545456,0.045454545454545456
22,927673257230327808,-0.2,....Some of those they are harshly treating have been ‚Äúmilking‚Äù their country for years!,0.0,0.0,0.0,0.0,0.0,0.0,0.0,0.0,0.0,0.0
23,921829947093733376,-0.2,"Keep hearing about ""tiny"" amount of money spent on Facebook ads. What about the billions of dollars of Fake News on CNN, ABC, NBC &amp; CBS?",0.03125,0.03125,0.0,0.03125,0.03125,0.09375,0.03125,0.0,0.03125,0.03125
24,924251519121346560,-0.2,Just read the nice remarks by President Jimmy Carter about me and how badly I am treated by the press (Fake News). Thank you Mr. President!,0.0,0.0,0.0,0.0,0.0,0.06451612903225806,0.06451612903225806,0.03225806451612903,0.0,0.06451612903225806
25,927847471321141249,-0.18958333333333333,"....is making. Working very hard on TAX CUTS for the middle class, companies and jobs!",0.0,0.0,0.0,0.0,0.0,0.05263157894736842,0.05263157894736842,0.05263157894736842,0.0,0.0
26,926460439000698880,-0.1555555555555556,"Just took off for ceremony @ Pearl Harbor. Will then be heading to Japan, SKorea, China, Vietnam &amp; the Philippines. Will never let you down!",0.0,0.0,0.0,0.0,0.03225806451612903,0.0,0.03225806451612903,0.0,0.03225806451612903,0.03225806451612903
27,922799981874089985,-0.15,"...Corker dropped out of the race in Tennesse when I refused to endorse him, and now is only negative on anything Trump. Look at his record!",0.0,0.0,0.0,0.0,0.0,0.06666666666666667,0.0,0.06666666666666667,0.03333333333333333,0.0
28,925447637708496897,-0.1351851851851852,"U.S. COAL PRODUCTION
Upüìà7.8% past year. 
Downüìâ31.5% last 10 years. 
#EndingWarOnCoal https://t.co/xr20OBb2DV",0.0,0.043478260869565216,0.0,0.0,0.0,0.0,0.043478260869565216,0.0,0.0,0.0
29,924022268929433600,-0.125,"People are anxiously awaiting my decision as to who the next head of the Fed will be....
üé•https://t.co/PEj1KNYcAO",0.0,0.0,0.0,0.0,0.0,0.0,0.0,0.0,0.0,0.0
30,925686558304464897,-0.11388888888888893,"We are fighting hard for Merit Based immigration, no more Democrat Lottery Systems. We must get MUCH tougher (and smarter).  @foxandfriends",0.038461538461538464,0.038461538461538464,0.0,0.0,0.0,0.038461538461538464,0.038461538461538464,0.0,0.0,0.038461538461538464
31,925363340553211909,-0.1,"The biggest story yesterday, the one that has the Dems in a dither, is Podesta running from his firm. What he know about Crooked Dems is....",0.0,0.0,0.0,0.0,0.0,0.0,0.0,0.0,0.0,0.0
32,925373392827666432,-0.1,‚ÄúStatement by President Trump on the Apprehension of Mustafa al-Imam for His Alleged Role in Benghazi Attacks‚Äù https://t.co/2U7WJmfGlM,0.0,0.0,0.0,0.05,0.0,0.05,0.1,0.0,0.05,0.1
33,922603042796654592,-0.1,We will never forget the 241 American service members killed by Hizballah in Beirut. They died in service to our na‚Ä¶ https://t.co/xd2GAvU0YP,0.0,0.0,0.0,0.0,0.0,0.041666666666666664,0.0,0.0,0.0,0.0
34,926054936718307328,-0.1,...There is also something appropriate about keeping him in the home of the horrible crime he committed. Should move fast. DEATH PENALTY!,0.15384615384615385,0.038461538461538464,0.07692307692307693,0.11538461538461539,0.0,0.15384615384615385,0.038461538461538464,0.07692307692307693,0.038461538461538464,0.038461538461538464
35,926401530013642765,-0.07777777777777779,My Twitter account was taken down for 11 minutes by a rogue employee. I guess the word must finally be getting out-and having an impact.,0.0,0.037037037037037035,0.07407407407407407,0.0,0.037037037037037035,0.037037037037037035,0.07407407407407407,0.0,0.07407407407407407,0.1111111111111111
36,924382514613030912,-0.06666666666666668,"After strict consultation with General Kelly, the CIA and other Agencies, I will be releasing ALL #JFKFiles other than the names and...",0.0,0.0,0.0,0.0,0.0,0.0,0.04,0.0,0.0,0.04
37,921726400922619904,-0.05999999999999999,Stock Market hits another all time high on Friday. 5.3 trillion dollars up since Election. Fake News doesn't spent much time on this!,0.0,0.07692307692307693,0.0,0.0,0.0,0.07692307692307693,0.0,0.0,0.0,0.0
38,926421589159182339,-0.05,"...Based on that, the Military has hit ISIS ""much harder"" over the last two days. They will pay a big price for every attack on us!",0.0625,0.03125,0.0,0.0625,0.03125,0.0625,0.03125,0.0,0.0,0.03125
39,924414387343028224,-0.05,"JFK Files are released, long ahead of schedule!",0.0,0.1,0.0,0.0,0.0,0.0,0.1,0.0,0.0,0.0
40,926406490763784194,-0.042857142857142864,"....People are angry.  At some point the Justice Department, and the FBI, must do what is right and proper. The American public deserves it!",0.03333333333333333,0.03333333333333333,0.03333333333333333,0.0,0.0,0.03333333333333333,0.1,0.0,0.0,0.03333333333333333
41,925335577217683456,-0.03333333333333333,"....came to the campaign. Few people knew the young, low level volunteer named George, who has already proven to be a liar. Check the DEMS!",0.0,0.06451612903225806,0.03225806451612903,0.03225806451612903,0.06451612903225806,0.03225806451612903,0.0967741935483871,0.0,0.03225806451612903,0.0967741935483871
42,926247543801044993,-0.033333333333333326,Donna Brazile just stated the DNC RIGGED the system to illegally steal the Primary from Bernie Sanders. Bought and paid for by Crooked H....,0.038461538461538464,0.0,0.0,0.038461538461538464,0.0,0.038461538461538464,0.038461538461538464,0.038461538461538464,0.0,0.038461538461538464
43,925931294705545216,-0.03333333333333325,"NYC terrorist was happy as he asked to hang ISIS flag in his hospital room. He killed 8 people, badly injured 12. SHOULD GET DEATH PENALTY!",0.1,0.06666666666666667,0.06666666666666667,0.16666666666666666,0.03333333333333333,0.16666666666666666,0.03333333333333333,0.2,0.06666666666666667,0.06666666666666667
44,926481563214376961,-0.024999999999999998,"The rigged Dem Primary, one of the biggest political stories in years, got ZERO coverage on Fake News Network TV last night. Disgraceful!",0.037037037037037035,0.037037037037037035,0.037037037037037035,0.0,0.0,0.07407407407407407,0.037037037037037035,0.0,0.0,0.0
45,927852358209622016,-0.010000000000000002,".@EdWGillespie will totally turn around the high crime and poor economic performance of VA. MS-13 and crime will be gone. Vote today, ASAP!",0.1,0.03333333333333333,0.0,0.0,0.03333333333333333,0.1,0.03333333333333333,0.03333333333333333,0.03333333333333333,0.03333333333333333
46,926789876556500992,-0.009595959595959616,"Unemployment is down to 4.1%, lowest in 17 years. 1.5 million new jobs created since I took office. Highest stock Market ever, up $5.4 trill",0.0,0.03225806451612903,0.0,0.03225806451612903,0.03225806451612903,0.06451612903225806,0.03225806451612903,0.03225806451612903,0.03225806451612903,0.0
47,923149037523566592,0.0,"The reason Flake and Corker dropped out of the Senate race is very simple, they had zero chance of being elected. Now act so hurt &amp; wounded!",0.03333333333333333,0.0,0.0,0.03333333333333333,0.0,0.06666666666666667,0.03333333333333333,0.03333333333333333,0.03333333333333333,0.03333333333333333
48,928016742575738882,0.0,Thank you to all Americans who participated in Nat'l Rx Drug Take Back Day. A record amount of drugs collected &amp; disposed. We can do this!,0.0,0.034482758620689655,0.0,0.0,0.0,0.0,0.034482758620689655,0.0,0.0,0.034482758620689655
49,927715648477724672,0.0,"RT @AbeShinzo: „Éà„É©„É≥„ÉóÂ§ßÁµ±È†ò„Å´„Çà„Çã„ÄÅÂàù„ÅÆ„ÄÅÊ≠¥Âè≤ÁöÑ„Å™Êó•Êú¨Ë®™Âïè„ÅØ„ÄÅÈñìÈÅï„ÅÑ„Å™„Åè„ÄÅÊó•Á±≥ÂêåÁõü„ÅÆÊè∫„Çã„Åé„Å™„ÅÑÁµÜ„Çí‰∏ñÁïå„Å´Á§∫„Åô„Åì„Å®„Åå„Åß„Åç„Åæ„Åó„Åü„ÄÇ

Êú¨ÂΩì„Å´„ÅÇ„Çä„Åå„Å®„ÅÜ„ÄÅ„Éâ„Éä„É´„Éâ„ÄÇ„Åù„Åó„Å¶„ÄÅ„Ç¢„Ç∏„Ç¢Ê≠¥Ë®™„ÅÆÂ§ßÊàêÂäü„Çí„ÅäÁ•à„Çä„Åó„Å¶„ÅÑ„Åæ„Åô„ÄÇ

@realDonaldTrump https://t.‚Ä¶",0.0,0.0,0.0,0.0,0.0,0.0,0.0,0.0,0.0,0.0
50,921723302481145857,0.0,RT @IamVicky4Trump: TUNE IN: Maria Bartiromo Has an Exclusive Interview With President Trump https://t.co/H5VuJwy78o,0.0,0.0,0.0,0.0,0.0,0.0,0.0625,0.0,0.0625,0.0625
51,922430688703451136,0.0,"Two dozen NFL players continue to kneel during the National Anthem, showing total disrespect to our Flag &amp; Country.  No leadership in NFL!",0.038461538461538464,0.038461538461538464,0.0,0.0,0.0,0.038461538461538464,0.038461538461538464,0.0,0.0,0.038461538461538464
52,922830229525225477,0.0,...the entire World WAS laughing and taking advantage of us. People like liddle' Bob Corker have set the U.S. way back. Now we move forward!,0.0,0.0,0.0,0.0,0.030303030303030304,0.0,0.09090909090909091,0.0,0.0,0.0
53,928097817037627393,0.0,"The North Korean regime has pursued its nuclear &amp; ballistic missile programs in defiance of every assurance, agreem‚Ä¶ https://t.co/J7WklThu2q",0.047619047619047616,0.0,0.047619047619047616,0.09523809523809523,0.0,0.047619047619047616,0.047619047619047616,0.0,0.0,0.047619047619047616
54,928325667556548608,0.0,Congratulations to all of the ‚ÄùDEPLORABLES‚Äù and the millions of people who gave us a MASSIVE (304-227) Electoral Co‚Ä¶ https://t.co/cKVtPvEHOB,0.0,0.0,0.0,0.0,0.0,0.0,0.0,0.0,0.0,0.0
55,928622838487007260,0.0,In the coming months and years ahead I look forward to building an even STRONGER relationship between the United St‚Ä¶ https://t.co/kHCeQSQDtk,0.0,0.045454545454545456,0.0,0.0,0.0,0.0,0.18181818181818182,0.0,0.0,0.045454545454545456
56,921889525881819136,0.0,"...9 months than this Administration. Over 50 Legislation approvals, massive regulation cuts, energy freedom, pipelines, border security....",0.0,0.0,0.0,0.0,0.041666666666666664,0.0,0.041666666666666664,0.0,0.0,0.041666666666666664
57,921780758372642816,0.0,‚ÄúTrump hails liberation of Raqqa as critical breakthrough in anti-ISIS campaign‚Äù https://t.co/2eoYXJB7h0,0.0,0.07142857142857142,0.0,0.0,0.07142857142857142,0.0,0.07142857142857142,0.0,0.14285714285714285,0.0
58,921724821939130369,0.0,People get what is going on! https://t.co/Pdg7VqQv6M,0.0,0.0,0.0,0.0,0.0,0.0,0.0,0.0,0.0,0.0
59,925684982307348480,0.0,"The terrorist came into our country through what is called the ""Diversity Visa Lottery Program,"" a Chuck Schumer beauty. I want merit based.",0.03571428571428571,0.03571428571428571,0.03571428571428571,0.03571428571428571,0.03571428571428571,0.03571428571428571,0.07142857142857142,0.03571428571428571,0.03571428571428571,0.03571428571428571
60,928861178113040385,0.0,"Just landed in Da Nang, Vietnam to deliver a speech at #APEC2017",0.0,0.0,0.0,0.0,0.0,0.0,0.15384615384615385,0.0,0.0,0.0
61,928097146993369088,0.0,"The U.S., under my administration, is completely rebuilding its military, and they're spending hundreds of billions‚Ä¶ https://t.co/2sIwl0TH9x",0.0,0.0,0.0,0.041666666666666664,0.0,0.0,0.041666666666666664,0.0,0.0,0.0
62,923272793457913857,0.0,Melania and I look forward to being with President Xi &amp; Madame Peng Liyuan in China in two weeks for what will hope‚Ä¶ https://t.co/TYNkL929s6,0.0,0.04,0.0,0.0,0.04,0.0,0.12,0.0,0.04,0.08
63,923566287263068161,0.0,Big news - Budget just passed!,0.0,0.0,0.0,0.0,0.0,0.0,0.0,0.0,0.0,0.14285714285714285
64,923312613584289792,0.0,"Texas @GovAbbott &amp; Lt. Gov. @DanPatrick,

Thank you for todays briefing on hurricane recovery efforts here in TX. K‚Ä¶ https://t.co/5lGb2FKLJ2",0.0,0.0,0.0,0.04,0.0,0.04,0.04,0.0,0.0,0.0
65,925490503218589696,0.0,"We must not allow ISIS to return, or enter, our country after defeating them in the Middle East and elsewhere. Enough!",0.0,0.0,0.0,0.0,0.0,0.0,0.0,0.0,0.0,0.0
66,925688931823300609,0.0,"""Senator Chuck Schumer helping to import Europes problems"" said Col.Tony Shaffer. We will stop this craziness!  @foxandfriends",0.0,0.0,0.0,0.0,0.0,0.0,0.0,0.0,0.0,0.0
67,925405818446663685,0.0,RT @IvankaTrump: We're working to make tax cuts &amp; the expanded Child Tax Credit a reality for American families. The time is now! #TaxRefor‚Ä¶,0.0,0.07142857142857142,0.0,0.0,0.03571428571428571,0.07142857142857142,0.10714285714285714,0.07142857142857142,0.0,0.03571428571428571
68,925716689064427520,0.0,#NYCStrong #USAüá∫üá∏ https://t.co/6K3Xw5P87d,0.0,0.0,0.0,0.0,0.0,0.0,0.0,0.0,0.0,0.0
69,925388990177562625,0.0,Thank you @LuisRiveraMarin! https://t.co/BK7sDv9phU,0.0,0.0,0.0,0.0,0.0,0.0,0.0,0.0,0.0,0.0
70,925336826717593600,0.0,I hope people will start to focus on our Massive Tax Cuts for Business (jobs) and the Middle Class (in addition to Democrat corruption)!,0.0,0.06896551724137931,0.034482758620689655,0.0,0.034482758620689655,0.06896551724137931,0.06896551724137931,0.034482758620689655,0.034482758620689655,0.034482758620689655
71,925006418989715456,0.0,"....Also, there is NO COLLUSION!",0.125,0.0,0.125,0.125,0.0,0.125,0.0,0.125,0.0,0.0
72,925740081805217792,0.0,....for the Middle Class. The House and Senate should consider ASAP as the process of final approval moves along. Push Biggest Tax Cuts EVER,0.0,0.0,0.0,0.0,0.0,0.037037037037037035,0.037037037037037035,0.037037037037037035,0.0,0.037037037037037035
73,925818295462322184,0.0,Just spoke with @NYGovCuomo and @NYCMayor de Blasio to let them know that the federal government...,0.0,0.0,0.0,0.058823529411764705,0.0,0.11764705882352941,0.0,0.0,0.0,0.0
74,925818338172915712,0.0,@NYGovCuomo @NYCMayor ...fully supports any and all of their efforts with respect to the West Side attack. #NYCStrong,0.05,0.05,0.0,0.05,0.05,0.05,0.1,0.0,0.0,0.1
75,924382919845666816,0.0,...in order to put any and all conspiracy theories to rest.,0.0,0.0,0.0,0.07692307692307693,0.0,0.0,0.07692307692307693,0.0,0.0,0.0
76,924284026394959872,0.0,Today is National Prescription Drug Take Back Day. Everyone can help fight the #OpioidEpidemic by participating!‚Ä¶ https://t.co/xOrimTGON5,0.05,0.0,0.0,0.05,0.0,0.05,0.0,0.0,0.0,0.0
77,927523335956848640,0.0,#USAüá∫üá∏ #JapanüáØüáµ https://t.co/EvxFqAVnFS,0.0,0.0,0.0,0.0,0.0,0.0,0.0,0.0,0.0,0.0
78,924064610038272000,0.0,#JFKFiles https://t.co/AnPBSJFh3J,0.0,0.0,0.0,0.0,0.0,0.0,0.0,0.0,0.0,0.0
79,926139726129704960,0.0,"Congratulations to the Houston @Astros, 2017 #WorldSeries Champions‚öæÔ∏è#HoustonStrong #EarnHistory https://t.co/BP7OEzdhFi",0.0,0.0,0.0,0.0,0.0,0.0,0.0,0.0,0.0,0.0
80,924096747122634752,0.0,"‚ÄúWHAT HAPPENED‚Äù

‚ÄúHow Team Hillary played the press for fools on Russia‚Äù
‚û°Ô∏èhttps://t.co/GqpIidk017

NOW WE KNOW! https://t.co/SgWL1HZmkI",0.0,0.0,0.0,0.0,0.0,0.0,0.0,0.0,0.0,0.041666666666666664
81,923920535607828481,0.0,Thank you @FLGovScott. https://t.co/rgdU9plvFK,0.0,0.0,0.0,0.0,0.0,0.0,0.0,0.0,0.0,0.0
82,927265906086031363,0.0,"May God be w/ the people of Sutherland Springs, Texas. The FBI &amp; law enforcement are on the scene. I am monitoring the situation from Japan.",0.0,0.03225806451612903,0.0,0.03225806451612903,0.03225806451612903,0.03225806451612903,0.03225806451612903,0.0,0.0,0.06451612903225806
83,923360048771936256,0.0,RT @IvankaTrump: Working families need #TaxReform &amp; the time is now. This Administration is committed to ensuring all Americans can thrive‚Ä¶,0.0,0.041666666666666664,0.0,0.0,0.0,0.0,0.08333333333333333,0.0,0.0,0.041666666666666664
84,927007332743172098,0.0,"Just gave a speech to the great men and women at Yokota Air Base in Tokyo, Japan. Leaving to see Prime Minister Abe. https://t.co/6LRAgojvDB",0.0,0.0,0.0,0.0,0.0,0.0,0.07407407407407407,0.0,0.0,0.037037037037037035
85,923545771416449024,0.0,RT @PChowka: Fox News With Hannity's Help Regains Its Ratings Dominance By Peter Barry Chowka at The Hagmann report https://t.co/ICDMCZregu‚Ä¶,0.0,0.0,0.0,0.0,0.0,0.0,0.0,0.0,0.0,0.0
86,926492915626663939,0.0,The decision on Sergeant Bergdahl is a complete and total disgrace to our Country and to our Military.,0.05263157894736842,0.0,0.05263157894736842,0.05263157894736842,0.0,0.05263157894736842,0.0,0.05263157894736842,0.0,0.0
87,923546629935894530,0.0,RT @seanhannity: BOOM!!  Tick Tock https://t.co/8E2Lvj3TTa,0.0,0.0,0.0,0.0,0.0,0.0,0.0,0.0,0.0,0.0
88,926185468911382529,0.0,"Broadcom's move to America=$20 BILLION of annual rev into U.S.A., $3+ BILLION/yr. in research/engineering &amp; $6 BILL‚Ä¶ https://t.co/0PUrl6k86K",0.0,0.0,0.0,0.0,0.0,0.0,0.0,0.0,0.0,0.0
89,926484660946862085,0.0,"JOBS, JOBS, JOBS! https://t.co/twUNktGbnb",0.0,0.0,0.0,0.0,0.0,0.0,0.0,0.0,0.0,0.0
90,928926863375794176,0.0,Today I am here to offer a renewed partnership with America -- to work together to strengthen the bonds of friendsh‚Ä¶ https://t.co/2IdSIlE3Ek,0.0,0.0,0.0,0.0,0.0,0.041666666666666664,0.125,0.0,0.0,0.041666666666666664
91,923557515828310020,0.0,Do not underestimate the UNITY within the Republican Party!,0.0,0.0,0.0,0.0,0.0,0.0,0.1,0.0,0.1,0.1
92,928931835664465921,0.0,The United States is prepared to work with each of the leaders in this room today to achieve mutually beneficial co‚Ä¶ https://t.co/6hY41gFM5i,0.0,0.043478260869565216,0.0,0.0,0.043478260869565216,0.0,0.17391304347826086,0.0,0.0,0.13043478260869565
93,923869147091451904,0.0,"Congratulations to @SpeakerRyan, @GOPLeader, @SteveScalise and to the Republican Party on Budget passage yesterday. Now for biggest Tax Cuts",0.0,0.0,0.0,0.0,0.0,0.045454545454545456,0.0,0.045454545454545456,0.0,0.045454545454545456
94,926403023861141504,0.0,Everybody is asking why the Justice Department (and FBI) isn't looking into all of the dishonesty going on with Crooked Hillary &amp; the Dems..,0.0,0.0,0.037037037037037035,0.0,0.0,0.037037037037037035,0.037037037037037035,0.0,0.0,0.037037037037037035
95,927851387857367040,0.012500000000000013,"Ralph Northam will allow crime to be rampant in Virginia. He‚Äôs weak on crime, weak on our GREAT VETS, Anti-Second Amendment....",0.07407407407407407,0.0,0.0,0.0,0.0,0.07407407407407407,0.0,0.0,0.0,0.0
96,928770248370728960,0.016666666666666673,My meetings with President Xi Jinping were very productive on both trade and the subject of North Korea. He is a hi‚Ä¶ https://t.co/WqDuLr1nyF,0.0,0.0,0.0,0.0,0.0,0.04,0.08,0.0,0.0,0.08
97,925833462426292226,0.01666666666666668,"Thank you to the GREAT NYPD, First Responders and all govt officials for having handled the terrible West Side atta‚Ä¶ https://t.co/wcjWahjCHF",0.043478260869565216,0.0,0.043478260869565216,0.043478260869565216,0.0,0.043478260869565216,0.0,0.043478260869565216,0.0,0.0
98,926415703476928512,0.027272727272727268,The real story on Collusion is in Donna B's new book. Crooked Hillary bought the DNC &amp; then stole the Democratic Primary from Crazy Bernie!,0.07407407407407407,0.0,0.037037037037037035,0.07407407407407407,0.0,0.07407407407407407,0.07407407407407407,0.07407407407407407,0.0,0.037037037037037035
99,926419647708258304,0.03333333333333336,"ISIS just claimed the Degenerate Animal who killed, and so badly wounded, the wonderful people on the West Side, was ""their soldier."" .....",0.034482758620689655,0.0,0.0,0.0,0.034482758620689655,0.06896551724137931,0.06896551724137931,0.06896551724137931,0.034482758620689655,0.034482758620689655
100,925739132579729420,0.037500000000000006,Wouldn't it be great to Repeal the very unfair and unpopular Individual Mandate in ObamaCare and use those savings for further Tax Cuts.....,0.041666666666666664,0.0,0.08333333333333333,0.0,0.0,0.125,0.041666666666666664,0.125,0.0,0.0
101,928936220360503296,0.06666666666666668,The United States has been reminded time and again in recent years that economic security is not merely RELATED to‚Ä¶ https://t.co/62WsIAen7F,0.0,0.045454545454545456,0.0,0.0,0.0,0.0,0.045454545454545456,0.0,0.0,0.09090909090909091
102,921891186352287744,0.08333333333333331,"...2nd Amendment, Strong Military, ISIS, historic VA improvement, Supreme Court Justice, Record Stock Market, lowest unemployment in 17 yrs!",0.037037037037037035,0.037037037037037035,0.0,0.07407407407407407,0.037037037037037035,0.037037037037037035,0.1111111111111111,0.037037037037037035,0.0,0.07407407407407407
103,924649059520073730,0.09523809523809523,"All of this ""Russia"" talk right when the Republicans are making their big push for historic Tax Cuts &amp; Reform. Is this coincidental? NOT!",0.0,0.0,0.0,0.0,0.0,0.034482758620689655,0.06896551724137931,0.034482758620689655,0.0,0.0
104,925534445393928199,0.09722222222222222,"I have just ordered Homeland Security to step up our already Extreme Vetting Program. Being politically correct is fine, but not for this!",0.0,0.0,0.0,0.0,0.0,0.0,0.0,0.0,0.0,0.0
105,921871707564101632,0.1,"Just out, but lightly reported: ""Fewest jobless claims since 1973 show firm U.S. Job Market"" Lowest since March 1973. @bpolitics",0.0,0.0,0.0,0.0,0.0,0.03571428571428571,0.07142857142857142,0.03571428571428571,0.0,0.03571428571428571
106,924641278947622913,0.1,"...are now fighting back like never before. There is so much GUILT by Democrats/Clinton, and now the facts are pouring out. DO SOMETHING!",0.03333333333333333,0.0,0.03333333333333333,0.0,0.0,0.06666666666666667,0.03333333333333333,0.03333333333333333,0.0,0.03333333333333333
107,923244308848881665,0.1,Just interviewed by @LouDobbs. Will be aired tonight at 7pmE on @FoxBusiness. #Dobbs,0.0,0.0,0.0,0.0,0.0,0.0,0.0,0.0,0.0,0.0
108,923905540291522560,0.1,"It is now commonly agreed, after many months of COSTLY looking, that there was NO collusion between Russia and Trump. Was collusion with HC!",0.07142857142857142,0.0,0.07142857142857142,0.07142857142857142,0.0,0.07142857142857142,0.03571428571428571,0.07142857142857142,0.03571428571428571,0.03571428571428571
109,925910265060831232,0.10833333333333334,The United States will be immediately implementing much tougher Extreme Vetting Procedures. The safety of our citizens comes first!,0.0,0.047619047619047616,0.0,0.0,0.0,0.047619047619047616,0.09523809523809523,0.0,0.0,0.047619047619047616
110,927075137131896832,0.11666666666666665,It was a true honor to be at Yokota Air Base with our GREAT @USForcesJapan! https://t.co/KEXnIkkQks,0.0,0.0,0.0,0.0,0.058823529411764705,0.0,0.11764705882352941,0.0,0.0,0.17647058823529413
111,928064591665467393,0.13125,"Getting ready to make a major speech to the National Assembly here in South Korea, then will be headed to China whe‚Ä¶ https://t.co/mEfWXmpzRw",0.0,0.04,0.0,0.0,0.0,0.0,0.12,0.0,0.0,0.04
112,926249604936556545,0.13125,....This is real collusion and dishonesty. Major violation of Campaign Finance Laws and Money Laundering - where is our Justice Department?,0.125,0.041666666666666664,0.08333333333333333,0.08333333333333333,0.041666666666666664,0.125,0.16666666666666666,0.08333333333333333,0.08333333333333333,0.125
113,921848853090983938,0.13333333333333333,"Crooked Hillary Clinton spent hundreds of millions of dollars more on Presidential Election than I did. Facebook was on her side, not mine!",0.0,0.0,0.0,0.0,0.0,0.038461538461538464,0.0,0.0,0.0,0.0
114,928083235040579584,0.13636363636363635,"Join me LIVE in South Koreaüá∫üá∏üá∞üá∑
#NationalAssembly #POTUSinAsia 
‚û°Ô∏èhttps://t.co/M3iEhPdkas https://t.co/hSxdtd2UnY",0.0,0.0,0.0,0.0,0.0,0.0,0.0625,0.0,0.0,0.0
115,925497025386500096,0.13636363636363635,"My thoughts, condolences and prayers to the victims and families of the New York City terrorist attack. God and your country are with you!",0.07407407407407407,0.037037037037037035,0.037037037037037035,0.1111111111111111,0.037037037037037035,0.07407407407407407,0.037037037037037035,0.037037037037037035,0.037037037037037035,0.037037037037037035
116,926259330474704900,0.15000000000000002,The @TuckerCarlson opening statement about our once cherished and great FBI was so sad to watch. James Comey's leadership was a disaster!,0.041666666666666664,0.041666666666666664,0.041666666666666664,0.08333333333333333,0.0,0.041666666666666664,0.041666666666666664,0.041666666666666664,0.041666666666666664,0.041666666666666664
117,922817539251556353,0.15000000000000002,"Isn't it sad that lightweight Senator Bob Corker, who couldn't get re-elected in the Great State of Tennessee, will now fight Tax Cuts plus!",0.037037037037037035,0.0,0.0,0.037037037037037035,0.0,0.07407407407407407,0.0,0.037037037037037035,0.0,0.0
118,923552633633337344,0.15625,"Ed Gillespie will be a great Governor of Virginia. His opponent doesn't even show up to meetings/work, and will be VERY weak on crime!",0.06896551724137931,0.034482758620689655,0.034482758620689655,0.034482758620689655,0.0,0.06896551724137931,0.0,0.0,0.0,0.06896551724137931
119,924963492645437441,0.16666666666666666,"Report out that Obama Campaign paid $972,000 to Fusion GPS. The firm also got $12,400,000 (really?) from DNC. Nobody knows who OK'd!",0.0,0.0,0.0,0.0,0.0,0.0,0.03125,0.0,0.0,0.0
120,925845735089889280,0.18,Thanks to @SenateMajLdr McConnell and the @SenateGOP we are appointing high-quality Federal District...,0.0,0.0,0.0,0.0,0.0,0.0,0.0,0.0,0.0,0.0
121,923551572218572802,0.18333333333333335,"Ed Gillespie will turn the really bad Virginia economy #'s around, and fast. Strong on crime, he might even save our great statues/heritage!",0.06451612903225806,0.0,0.03225806451612903,0.03225806451612903,0.03225806451612903,0.06451612903225806,0.03225806451612903,0.03225806451612903,0.0,0.0967741935483871
122,926456069047582721,0.19642857142857145,Bernie Sanders supporters have every right to be apoplectic of the complete theft of the Dem primary by Crooked Hillary!,0.047619047619047616,0.0,0.047619047619047616,0.047619047619047616,0.0,0.047619047619047616,0.047619047619047616,0.047619047619047616,0.0,0.0
123,923925428372492288,0.19833333333333336,"Diane Black of Tennessee, the highly respected House Budget Committee Chairwoman, did a GREAT job in passing Budget, setting up big Tax Cuts",0.0,0.0,0.0,0.0,0.0,0.07692307692307693,0.07692307692307693,0.07692307692307693,0.0,0.15384615384615385
124,926783758530781184,0.2,RT @IvankaTrump: Touched by the warm hospitality of Prime Minister Abe and the Japanese people. „ÅÇ„Çä„Åå„Å®„ÅÜ„Åî„Åñ„ÅÑ„Åæ„Åô [Thank you]! Until next time üáØüáµ‚Ä¶,0.0,0.034482758620689655,0.0,0.0,0.0,0.034482758620689655,0.06896551724137931,0.0,0.0,0.0
125,923165619868131329,0.2,"Jeff Flake, with an 18% approval rating in Arizona, said ""a lot of my colleagues have spoken out."" Really, they just gave me a standing O!",0.029411764705882353,0.0,0.0,0.029411764705882353,0.0,0.058823529411764705,0.058823529411764705,0.029411764705882353,0.0,0.0
126,925860866767163393,0.2,"CHAIN MIGRATION must end now! Some people come in, and they bring their whole family with them, who can be truly ev‚Ä¶ https://t.co/g0RgPIG2K3",0.0,0.0,0.0,0.0,0.0,0.0,0.0,0.0,0.0,0.0
127,923150966551171073,0.20166666666666666,"Working hard on the biggest tax cut in U.S. history. Great support from so many sides. Big winners will be the middle class, business &amp; JOBS",0.0,0.0,0.0,0.0,0.0,0.03125,0.03125,0.03125,0.0,0.0
128,923277142271684609,0.225,The long anticipated release of the #JFKFiles will take place tomorrow. So interesting!,0.0,0.13333333333333333,0.0,0.0,0.0,0.0,0.06666666666666667,0.0,0.0,0.0
129,923876612013248512,0.23333333333333334,JFK Files are being carefully released. In the end there will be great transparency. It is my hope to get just about everything to public!,0.0,0.07142857142857142,0.0,0.0,0.03571428571428571,0.0,0.10714285714285714,0.0,0.03571428571428571,0.03571428571428571
130,926973117708296192,0.23333333333333334,I am landing shortly. Can‚Äôt wait to be with our GREAT MILITARY. See you soon! https://t.co/AVLrrOxmm4,0.0,0.09523809523809523,0.0,0.047619047619047616,0.0,0.047619047619047616,0.0,0.0,0.0,0.0
131,928124338343202816,0.26,Leaving South Korea now heading to China. Looking very much forward to meeting and being with President Xi!,0.0,0.0,0.0,0.0,0.0,0.0,0.1,0.0,0.0,0.05
132,926456409260285952,0.2619047619047619,"I always felt I would be running and winning against Bernie Sanders, not Crooked H, without cheating, I was right.",0.0,0.041666666666666664,0.041666666666666664,0.0,0.041666666666666664,0.0,0.041666666666666664,0.041666666666666664,0.041666666666666664,0.041666666666666664
133,926793510723796993,0.26545454545454544,Would very much appreciate Saudi Arabia doing their IPO of Aramco with the New York Stock Exchange. Important to the United States!,0.0,0.0,0.0,0.0,0.0,0.0,0.125,0.0,0.0,0.125
134,926404584456773632,0.2681818181818182,"...New Donna B book says she paid for and stole the Dem Primary. What about the deleted E-mails, Uranium, Podesta, the Server, plus, plus...",0.0,0.0,0.0,0.0,0.0,0.0,0.03125,0.0,0.0,0.0
135,925925920304779264,0.27045454545454545,"Great mtg w/ @Cabinet today. Tomorrow, I will be announcing the new head of the Fed. I think you will be extremely‚Ä¶ https://t.co/dKtJBjGlYe",0.0,0.03571428571428571,0.0,0.0,0.0,0.0,0.0,0.0,0.0,0.0
136,926580912036466690,0.275,Getting ready to land in Hawaii. Looking so much forward to meeting with our great Military/Veterans at Pearl Harbor!,0.0,0.043478260869565216,0.0,0.043478260869565216,0.0,0.0,0.08695652173913043,0.0,0.0,0.043478260869565216
137,923866515358789633,0.28750000000000003,"Wacky &amp; totally unhinged Tom Steyer, who has been fighting me and my Make America Great Again agenda from beginning, never wins elections!",0.038461538461538464,0.0,0.0,0.0,0.0,0.038461538461538464,0.0,0.0,0.0,0.0
138,927645648685551616,0.3,"My visit to Japan and friendship with PM Abe will yield many benefits, for our great Country. Massive military &amp; energy orders happening+++!",0.0,0.0,0.0,0.034482758620689655,0.034482758620689655,0.0,0.06896551724137931,0.0,0.0,0.034482758620689655
139,923662988833427458,0.3,"Effective today, my administration officially declared the #OpioidCrisis a NATIONAL PUBLIC HEALTH EMERGENCY under f‚Ä¶ https://t.co/0DF0lnfKJG",0.0,0.05555555555555555,0.0,0.05555555555555555,0.0,0.05555555555555555,0.1111111111111111,0.05555555555555555,0.05555555555555555,0.05555555555555555
140,923546192511946752,0.3,Will be another Sean success! https://t.co/SlNTENvJLA,0.0,0.14285714285714285,0.0,0.0,0.14285714285714285,0.0,0.14285714285714285,0.0,0.0,0.0
141,922070659093671936,0.3,"Wacky Congresswoman Wilson is the gift that keeps on giving for the Republican Party, a disaster for Dems. You watch her in action &amp; vote R!",0.06896551724137931,0.10344827586206896,0.034482758620689655,0.06896551724137931,0.06896551724137931,0.06896551724137931,0.13793103448275862,0.06896551724137931,0.10344827586206896,0.034482758620689655
142,927648870796070912,0.3083333333333333,"Getting ready to leave for South Korea and meetings with President Moon, a fine gentleman. We will figure it all out!",0.0,0.041666666666666664,0.0,0.0,0.0,0.041666666666666664,0.08333333333333333,0.041666666666666664,0.041666666666666664,0.08333333333333333
143,925440868575797252,0.3181818181818182,‚ÄúHome Prices Reach New All-Time Highs in August‚Äù Read more: https://t.co/XzJiZgGQ8R https://t.co/STBtR6mO2j,0.0,0.0,0.0,0.0,0.0,0.0,0.06666666666666667,0.0,0.0,0.0
144,924382752941756421,0.35,"...addresses of any mentioned person who is still living. I am doing this for reasons of full disclosure, transparency and...",0.0,0.041666666666666664,0.0,0.0,0.0,0.0,0.08333333333333333,0.0,0.0,0.0
145,928286153672970240,0.35,Looking forward to a full day of meetings with President Xi and our delegations tomorrow. THANK YOU for the beautif‚Ä¶ https://t.co/lSC21tvK3w,0.0,0.043478260869565216,0.0,0.0,0.0,0.0,0.13043478260869565,0.0,0.0,0.043478260869565216
146,926053970535243777,0.35,Would love to send the NYC terrorist to Guantanamo but statistically that process takes much longer than going through the Federal system...,0.043478260869565216,0.0,0.043478260869565216,0.043478260869565216,0.043478260869565216,0.043478260869565216,0.043478260869565216,0.043478260869565216,0.043478260869565216,0.043478260869565216
147,926707692395102219,0.35000000000000003,"Thank you to our GREAT Military/Veterans and @PacificCommand.

Remember #PearlHarbor. Remember the @USSArizona!

A‚Ä¶ https://t.co/30rtKwqU98",0.0,0.0,0.0,0.047619047619047616,0.0,0.0,0.0,0.0,0.0,0.0
148,922951009277825024,0.3666666666666667,So nice being with Republican Senators today. Multiple standing ovations! Most are great people who want big Tax Cuts and success for U.S.,0.0,0.03571428571428571,0.0,0.0,0.03571428571428571,0.03571428571428571,0.07142857142857142,0.03571428571428571,0.0,0.0
149,928922787938385920,0.375,"In more and more places throughout this region, citizens of SOVEREIGN and INDEPENDENT nations have taken greater co‚Ä¶ https://t.co/RoZxYEdh9m",0.0,0.0,0.0,0.0,0.0,0.0,0.047619047619047616,0.0,0.0,0.047619047619047616
150,926155393490878464,0.375,I am calling on Congress to TERMINATE the diversity visa lottery program that presents significant vulnerabilities‚Ä¶ https://t.co/GcHKCxTNyF,0.0,0.05555555555555555,0.05555555555555555,0.0,0.0,0.0,0.0,0.05555555555555555,0.0,0.05555555555555555
151,924625061100867584,0.3833333333333333,"As usual, the ObamaCare premiums will be up (the Dems own it), but we will Repeal &amp; Replace and have great Healthcare soon after Tax Cuts!",0.0,0.0,0.0,0.0,0.0,0.03225806451612903,0.03225806451612903,0.03225806451612903,0.0,0.03225806451612903
152,921888248707846144,0.3833333333333333,"I agree getting Tax Cuts approved  is important (we will also get HealthCare), but perhaps no Administration has done more in its first.....",0.0,0.0,0.0,0.0,0.0,0.037037037037037035,0.07407407407407407,0.037037037037037035,0.0,0.037037037037037035
153,925913030159937537,0.3888888888888889,It is finally happening for our great clean coal miners! https://t.co/suAnjs6Ccz,0.0,0.08333333333333333,0.08333333333333333,0.0,0.16666666666666666,0.0,0.16666666666666666,0.0,0.08333333333333333,0.16666666666666666
154,924249943719727104,0.3890625,Very little reporting about the GREAT GDP numbers announced yesterday (3.0 despite the big hurricane hits). Best consecutive Q's in years!,0.0,0.0,0.0,0.04,0.0,0.04,0.04,0.0,0.0,0.0
155,922067676708638721,0.4,Doing interview today with Maria Bartiromo at 10:00 A.M. on @FoxNews - ENJOY!,0.0,0.058823529411764705,0.0,0.0,0.058823529411764705,0.0,0.058823529411764705,0.0,0.0,0.058823529411764705
156,923320000185847808,0.4,Interview with @LouDobbs coming up at 7pmE on @FoxBusiness. Enjoy! https://t.co/9V9z015kVl,0.0,0.15384615384615385,0.0,0.0,0.07692307692307693,0.0,0.07692307692307693,0.0,0.0,0.07692307692307693
157,928969836897583104,0.4,"On behalf of an entire nation, Happy 242nd Birthday to the men and women of the United States Marines!
#USMC242‚Ä¶ https://t.co/EDmzIuB09r",0.0,0.08333333333333333,0.0,0.0,0.08333333333333333,0.0,0.125,0.0,0.041666666666666664,0.125
158,926216279287042048,0.4,"Today, it was my pleasure and great honor to announce my nomination of Jerome Powell to be the next Chairman of the‚Ä¶ https://t.co/32kLFYbbuq",0.0,0.0,0.0,0.0,0.0,0.0,0.12,0.0,0.0,0.08
159,926260114146889728,0.4,I will be interviewed by @IngrahamAngle on @FoxNews at 10:00. Enjoy!,0.0,0.07692307692307693,0.0,0.0,0.07692307692307693,0.0,0.07692307692307693,0.0,0.0,0.07692307692307693
160,923268967728386049,0.4266666666666665,"Spoke to President Xi of China to congratulate him on his extraordinary elevation. Also discussed NoKo &amp; trade, two very important subjects!",0.0,0.04,0.0,0.04,0.04,0.04,0.16,0.0,0.0,0.16
161,923149793974775810,0.43333333333333335,"The meeting with Republican Senators yesterday, outside of Flake and Corker, was a love fest with standing ovations and great ideas for USA!",0.0,0.0,0.0,0.0,0.038461538461538464,0.038461538461538464,0.07692307692307693,0.0,0.0,0.0
162,928105793366392832,0.45,"Together, we dream of a Korea that is free, a peninsula that is safe, and families that are reunited once again! https://t.co/9tsZRCC83j",0.0,0.0,0.0,0.0,0.038461538461538464,0.0,0.038461538461538464,0.0,0.0,0.038461538461538464
163,922428118685581313,0.4666666666666666,"There will be NO change to your 401(k). This has always been a great and popular middle class tax break that works, and it stays!",0.0,0.0,0.0,0.03225806451612903,0.0,0.03225806451612903,0.0,0.03225806451612903,0.03225806451612903,0.0
164,927847349648609280,0.48,Stock market hit yet another all-time record high yesterday. There is great confidence in the moves that my Administration....,0.047619047619047616,0.0,0.0,0.047619047619047616,0.047619047619047616,0.047619047619047616,0.047619047619047616,0.0,0.0,0.047619047619047616
165,922903426434064384,0.5,"‚ÄúPresident Donald J. Trump Proclaims October 24, 2017, as United Nations Day‚Äù Read more: https://t.co/cyRAQAKhy2 https://t.co/HVD0kLYlBk",0.0,0.0,0.0,0.0,0.0,0.0,0.09090909090909091,0.0,0.045454545454545456,0.09090909090909091
166,925845770724618240,0.5,@SenateMajLdr @SenateGOP ...and Appeals Court Judges at a record clip! Our courts are rapidly changing for the better!,0.047619047619047616,0.047619047619047616,0.0,0.047619047619047616,0.0,0.0,0.0,0.0,0.0,0.0
167,924637600094326784,0.5,"...the Uranium to Russia deal, the  33,000 plus deleted Emails, the Comey fix and so much more. Instead they look at phony Trump/Russia,....",0.03225806451612903,0.03225806451612903,0.03225806451612903,0.0,0.03225806451612903,0.03225806451612903,0.03225806451612903,0.0,0.06451612903225806,0.03225806451612903
168,926157911151214592,0.5,Congress must end chain migration so that we can have a system that is SECURITY BASED! We need to make AMERICA SAFE‚Ä¶ https://t.co/nxEDGfXlV9,0.0,0.0,0.04,0.0,0.04,0.0,0.04,0.0,0.0,0.12
169,924011278804357120,0.5,.@FoxNews Chris Wallace: ‚ÄúMore evidence of Dem collusion with Russia than GOP‚Äù https://t.co/nACQerJSiu,0.058823529411764705,0.0,0.058823529411764705,0.058823529411764705,0.0,0.058823529411764705,0.0,0.058823529411764705,0.0,0.0
170,926417546038923264,0.5,"Pocahontas just stated that the Democrats, lead by the legendary Crooked Hillary Clinton, rigged the Primaries! Lets go FBI &amp; Justice Dept.",0.0,0.0,0.0,0.0,0.0,0.0,0.11538461538461539,0.0,0.0,0.038461538461538464
171,925424931390873602,0.5,"""Consumer Confidence Hits Highest Level Since December 2000"" Read more: https://t.co/w7WkcobFun https://t.co/nLo5XCnuIx",0.0,0.06666666666666667,0.0,0.13333333333333333,0.13333333333333333,0.06666666666666667,0.2,0.0,0.06666666666666667,0.13333333333333333
172,923365521847934976,0.5,"This will be the biggest TAX CUT in the history of our country - and we need it! #TaxReform 
Read more:‚Ä¶ https://t.co/1qDeHBLabT",0.0,0.0,0.0,0.0,0.0,0.04,0.0,0.04,0.0,0.0
173,926238774773862400,0.5063492063492063,"Great Tax Cut rollout today. The lobbyists are storming Capital Hill, but the Republicans will hold strong and do what is right for America!",0.037037037037037035,0.0,0.0,0.0,0.0,0.037037037037037035,0.0,0.037037037037037035,0.0,0.0
174,927672843504177152,0.525,"I have great confidence in King Salman and the Crown Prince of Saudi Arabia, they know exactly what they are doing....",0.0,0.0,0.0,0.043478260869565216,0.043478260869565216,0.0,0.13043478260869565,0.0,0.0,0.043478260869565216
175,927906208203276288,0.5333333333333333,"Franklin, such a great photo. 

HAPPY 99th BIRTHDAY to your father, @BillyGraham! https://t.co/l0c7RvvOa1",0.0,0.11764705882352941,0.0,0.0,0.11764705882352941,0.0,0.11764705882352941,0.0,0.058823529411764705,0.11764705882352941
176,925907651350941696,0.5333333333333333,Just spoke to President Macri of Argentina about the five proud and wonderful men killed in the West Side terror attack. God be with them!,0.037037037037037035,0.07407407407407407,0.0,0.1111111111111111,0.1111111111111111,0.1111111111111111,0.14814814814814814,0.0,0.037037037037037035,0.14814814814814814
177,922833943749103621,0.5349999999999999,Stock Market just hit another record high! Jobs looking very good.,0.07692307692307693,0.07692307692307693,0.0,0.0,0.07692307692307693,0.07692307692307693,0.07692307692307693,0.0,0.07692307692307693,0.07692307692307693
178,927077305876434945,0.5666666666666667,Heading into the 12 days with great negotiating strength because of our tremendous economy. https://t.co/4HnXkR3EhW,0.0,0.0,0.0,0.0,0.0,0.0,0.0625,0.0,0.0,0.125
179,926647019455766528,0.6125,Thank you for such a beautiful welcome Hawaii. My great honor to visit @PacificCommand upon arrival. Heading to Pea‚Ä¶ https://t.co/Yr6OZitxGR,0.0,0.043478260869565216,0.0,0.0,0.043478260869565216,0.0,0.13043478260869565,0.0,0.0,0.043478260869565216
180,928519663780208640,0.64,"President Xi, thank you for such an incredible welcome ceremony. It was a truly memorable and impressive display! üì∏‚Ä¶ https://t.co/Jbj5TWhCla",0.0,0.0,0.0,0.0,0.08333333333333333,0.0,0.125,0.0,0.08333333333333333,0.08333333333333333
181,925394079982280704,0.65,"Wishing everyone a safe and Happy Halloween!
#Halloween2017 https://t.co/BRpgXVRI8Y",0.0,0.1,0.0,0.0,0.2,0.0,0.2,0.0,0.0,0.2
182,922440008971292672,0.65,"I had a very respectful conversation with the widow of Sgt. La David Johnson, and spoke his name from beginning, without hesitation!",0.0,0.0,0.0,0.038461538461538464,0.0,0.07692307692307693,0.038461538461538464,0.038461538461538464,0.0,0.038461538461538464
183,923894747793580033,0.65,Happy birthday to the great @TheLeeGreenwood. You and your beautiful song have made such a difference. MAKE AMERICA GREAT AGAIN!,0.0,0.08695652173913043,0.0,0.0,0.13043478260869565,0.0,0.13043478260869565,0.0,0.043478260869565216,0.043478260869565216
184,928918183104225280,0.7,"Throughout my travels, I've had the pleasure of sharing the good news from America. I've had the honor of sharing o‚Ä¶ https://t.co/eGkJAZaPuU",0.0,0.04,0.0,0.0,0.04,0.0,0.08,0.0,0.04,0.08
185,926176823117074433,0.7,"Today, we are thrilled to welcome @Broadcom CEO Hock Tan to the WH to announce he is moving their HQ‚Äôs from Singapo‚Ä¶ https://t.co/iSUzEbrn0c",0.0,0.0,0.0,0.0,0.0,0.0,0.0,0.0,0.0,0.0
186,923871062072295427,0.7333333333333334,Good luck to @Joy_Villa on her decision to enter the wonderful world of politics. She has many fans!,0.05,0.1,0.0,0.0,0.15,0.0,0.15,0.0,0.15,0.1
187,923237600009342978,0.7333333333333334,"Congrats to @Reince Priebus, a really good and talented man. We‚Äôre proud of you Reince! https://t.co/7AsjAMrSnV",0.0,0.09523809523809523,0.0,0.0,0.09523809523809523,0.0,0.09523809523809523,0.0,0.047619047619047616,0.09523809523809523
188,925916863401480192,0.8,"Happy birthday to @garyplayer, a truly great Champion and Person!",0.0,0.25,0.0,0.0,0.25,0.0,0.25,0.0,0.08333333333333333,0.16666666666666666
189,923392161634275328,0.8,"Together, we will Make America Great Again!
#AmericaFirstüá∫üá∏ https://t.co/ajiC3flNkI",0.0,0.0,0.0,0.0,0.0,0.0,0.0,0.0,0.0,0.0
190,924397489037430784,0.8,"Happy #FirstRespondersDay to all of our HEROES out there. We are forever grateful to you for your service, sacrific‚Ä¶ https://t.co/UpEh9uZ9fu",0.0,0.043478260869565216,0.0,0.0,0.043478260869565216,0.0,0.08695652173913043,0.0,0.0,0.043478260869565216
191,924056425298571265,0.8,"Happy Birthday @TheLeeGreenwood!
#FlashbackFriday https://t.co/MCrMK6Eurm",0.0,0.3333333333333333,0.0,0.0,0.3333333333333333,0.0,0.3333333333333333,0.0,0.16666666666666666,0.16666666666666666
192,923212567232774145,0.8,MAKE AMERICA GREAT AGAIN! https://t.co/CbEwJSQ1A3,0.0,0.0,0.0,0.0,0.0,0.0,0.0,0.0,0.0,0.0
193,924966722544848896,0.8,Great job by MichaelCaputo on @foxandfriends.,0.0,0.0,0.0,0.0,0.0,0.0,0.14285714285714285,0.0,0.0,0.0
194,928267692645036032,0.8,"On behalf of @FLOTUS Melania and I, THANK YOU for an unforgettable¬†afternoon and evening¬†at the¬†Forbidden City in B‚Ä¶ https://t.co/Q9H0MPdIvU",0.0,0.0,0.0,0.0,0.0,0.0,0.0,0.0,0.0,0.0
195,923866849451888640,0.8,Thank you @foxandfriends. Really great job and show!,0.0,0.0,0.0,0.0,0.0,0.0,0.1,0.0,0.0,0.1
196,927844454957850625,0.85,Thank you to President Moon of South Korea for the beautiful welcoming ceremony. It will always be remembered. https://t.co/bMvJz1iV2a,0.0,0.0,0.0,0.0,0.09523809523809523,0.0,0.14285714285714285,0.0,0.047619047619047616,0.047619047619047616
197,927802776737984513,0.8500000000000001,"It was my great honor to have lunch with our INCREDIBLE U.S. and ROK troops at Camp Humphreys, in South Korea. üá∫üá∏üá∞üá∑‚Ä¶ https://t.co/QJtVR498yK",0.0,0.0,0.0,0.0,0.0,0.0,0.03125,0.0,0.0,0.03125
198,927059219370643456,1.0,"Playing golf with Prime Minister Abe and Hideki Matsuyama, two wonderful people! https://t.co/vYLULe0o2K",0.0,0.0,0.0,0.0,0.06666666666666667,0.0,0.13333333333333333,0.0,0.06666666666666667,0.06666666666666667
199,927397233741492225,1.0,...Americans do what we do best: we pull together. We join hands. We lock arms and through the tears and the sadnes‚Ä¶ https://t.co/CTtTeWjVHX,0.0,0.0,0.0,0.0,0.0,0.0,0.07142857142857142,0.0,0.0,0.0
