,avg_score,id_str,score_keyword,score_textblob_bayes_sentiment,score_textblob_pattern_sentiment,text,anger,negative
199,0.41623374717570166,927851452185407490,0.0,1.0,0.7734764281862008,....and has been horrible on Virginia economy. Vote @EdWGillespie today!,0.15384615384615385,0.15384615384615385
194,0.3902157293635478,924639422066384896,0.0,0.95,0.6573286468177391,"...""collusion,"" which doesn't exist. The Dems are using this terrible (and bad for our country) Witch Hunt for evil politics, but the R's...",0.1875,0.15625
198,0.35870690776717973,927644826006425601,0.0,0.75,0.8953863906877509,"The state of Virginia economy, under Democrat rule, has been terrible. If you vote Ed Gillespie tomorrow, it will come roaring back!",0.07407407407407407,0.07407407407407407
197,0.3539538980162814,921829947093733376,0.08333333333333333,0.6,0.9614361567480736,"Keep hearing about ""tiny"" amount of money spent on Facebook ads. What about the billions of dollars of Fake News on CNN, ABC, NBC &amp; CBS?",0.03125,0.09375
196,0.35135809674374885,922828476872318976,0.0,0.6458333333333334,0.9859571503854108,"Sen. Corker is the incompetent head of the Foreign Relations Committee, &amp; look how poorly the U.S. has done. He doesn't have a clue as.....",0.03125,0.09375
192,0.34511182824182796,922798321739161600,0.0,0.8499999999999999,0.6969877126377112,"Bob Corker, who helped President O give us the bad Iran Deal &amp; couldn't get elected dog catcher in Tennessee, is now fighting Tax Cuts....",0.07142857142857142,0.10714285714285714
188,0.3363233740846209,928769154345324544,0.0,0.625,0.8899502037564377,"I don‚Äôt blame China, I blame the incompetence of past Admins for allowing China to take advantage of the U.S. on tr‚Ä¶ https://t.co/zql9WFEZlF",0.06666666666666668,0.1
191,0.3345790714199634,924400308834455552,0.0,0.6520833333333333,0.8828809892837249,While not at all presidential I must point out that the Sloppy Michael Moore Show on Broadway was a TOTAL BOMB and was forced to close. Sad!,0.03448275862068965,0.10344827586206896
189,0.33140844371558364,922072236592435200,0.0,0.6046875,0.9144236840951596,"It is finally sinking through. 46% OF PEOPLE BELIEVE MAJOR NATIONAL NEWS ORGS FABRICATE STORIES ABOUT ME. FAKE NEWS, even worse! Lost cred.",0.0,0.13793103448275862
193,0.3276683854725588,925364408364171265,0.0,0.71875,0.8426688504397172,"....earth shattering. He and his brother could Drain The Swamp, which would be yet another campaign promise fulfilled. Fake News weak!",0.0,0.07692307692307693
190,0.3273171900148874,926481563214376961,0.08333333333333333,0.5125,0.9296415056299928,"The rigged Dem Primary, one of the biggest political stories in years, got ZERO coverage on Fake News Network TV last night. Disgraceful!",0.037037037037037035,0.07407407407407407
195,0.32493258726308794,925005659569041409,0.08333333333333333,0.625,0.9163296029821064,"Sorry, but this is years ago, before Paul Manafort was part of the Trump campaign. But why aren't Crooked Hillary &amp; the Dems the focus?????",0.0,0.0
187,0.2977556294332206,926139726129704960,0.0,0.5,0.988778147166103,"Congratulations to the Houston @Astros, 2017 #WorldSeries Champions‚öæÔ∏è#HoustonStrong #EarnHistory https://t.co/BP7OEzdhFi",0.0,0.0
186,0.29670744432004514,928097146993369088,0.0,0.5,0.9835372216002256,"The U.S., under my administration, is completely rebuilding its military, and they're spending hundreds of billions‚Ä¶ https://t.co/2sIwl0TH9x",0.0,0.0
183,0.29391782980410125,926247543801044993,0.0,0.5166666666666666,0.8759994054307626,Donna Brazile just stated the DNC RIGGED the system to illegally steal the Primary from Bernie Sanders. Bought and paid for by Crooked H....,0.038461538461538464,0.038461538461538464
179,0.2889154716076297,925474979914887168,0.0,0.7321428571428572,0.5249345008952913,"In NYC, looks like another attack by a very sick and deranged person. Law enforcement is following this closely. NOT IN THE U.S.A.!",0.0625,0.125
184,0.2879449073325494,926403023861141504,0.08333333333333333,0.5,0.8193541662923765,Everybody is asking why the Justice Department (and FBI) isn't looking into all of the dishonesty going on with Crooked Hillary &amp; the Dems..,0.0,0.037037037037037035
185,0.28549385456047005,923557515828310020,0.0,0.5,0.9274692728023504,Do not underestimate the UNITY within the Republican Party!,0.0,0.0
180,0.2852768098531484,922070659093671936,0.0,0.35,0.9384530147829836,"Wacky Congresswoman Wilson is the gift that keeps on giving for the Republican Party, a disaster for Dems. You watch her in action &amp; vote R!",0.06896551724137931,0.06896551724137931
182,0.2746787536237066,923272793457913857,0.0,0.5,0.8733937681185328,Melania and I look forward to being with President Xi &amp; Madame Peng Liyuan in China in two weeks for what will hope‚Ä¶ https://t.co/TYNkL929s6,0.0,0.0
181,0.267166662105968,925335577217683456,0.0,0.5166666666666667,0.7869085793470444,"....came to the campaign. Few people knew the young, low level volunteer named George, who has already proven to be a liar. Check the DEMS!",0.0,0.03225806451612903
169,0.2606661008130998,927852358209622016,0.0,0.505,0.598330504065499,".@EdWGillespie will totally turn around the high crime and poor economic performance of VA. MS-13 and crime will be gone. Vote today, ASAP!",0.1,0.1
176,0.2594397092196185,924635359480303616,0.0,0.7,0.463865212764759,"Never seen such Republican ANGER &amp; UNITY as I have concerning the lack of investigation on Clinton made Fake Dossier (now $12,000,000?),....",0.03333333333333333,0.1
173,0.258107098593025,927851387857367040,0.0,0.49375,0.6486373448169771,"Ralph Northam will allow crime to be rampant in Virginia. He‚Äôs weak on crime, weak on our GREAT VETS, Anti-Second Amendment....",0.07407407407407407,0.07407407407407407
153,0.2579452390289828,925806343855984647,0.0,0.95,0.04805952847824742,We mourn the horrifying terrorist attack in NYC. All of America is praying and grieving for the families who lost t‚Ä¶ https://t.co/gnCvusZ0Ud,0.08333333333333333,0.20833333333333331
154,0.25306124448156775,925931294705545216,0.0,0.5166666666666666,0.4819728890745054,"NYC terrorist was happy as he asked to hang ISIS flag in his hospital room. He killed 8 people, badly injured 12. SHOULD GET DEATH PENALTY!",0.1,0.16666666666666666
143,0.2506437952693159,926054936718307328,0.0,0.55,0.3955266686542719,...There is also something appropriate about keeping him in the home of the horrible crime he committed. Should move fast. DEATH PENALTY!,0.15384615384615385,0.15384615384615385
157,0.2504461152666128,926249604936556545,0.0,0.434375,0.5678555763330642,....This is real collusion and dishonesty. Major violation of Campaign Finance Laws and Money Laundering - where is our Justice Department?,0.125,0.125
174,0.24424238776640667,921726400922619904,0.0,0.53,0.6142888619089564,Stock Market hits another all time high on Friday. 5.3 trillion dollars up since Election. Fake News doesn't spent much time on this!,0.0,0.07692307692307693
178,0.24367910413087146,928064591665467393,0.0,0.434375,0.7840205206543573,"Getting ready to make a major speech to the National Assembly here in South Korea, then will be headed to China whe‚Ä¶ https://t.co/mEfWXmpzRw",0.0,0.0
144,0.24098641960069003,925006418989715456,0.0,0.5,0.45493209800345,"....Also, there is NO COLLUSION!",0.125,0.125
171,0.23996102501260133,924251519121346560,0.0,0.6,0.5352889960307488,Just read the nice remarks by President Jimmy Carter about me and how badly I am treated by the press (Fake News). Thank you Mr. President!,0.0,0.06451612903225806
177,0.23860870695324737,923566287263068161,0.0,0.5,0.6930435347662368,Big news - Budget just passed!,0.0,0.0
167,0.237664418365596,924284026394959872,0.0,0.5,0.5883220918279799,Today is National Prescription Drug Take Back Day. Everyone can help fight the #OpioidEpidemic by participating!‚Ä¶ https://t.co/xOrimTGON5,0.05,0.05
159,0.23704567978985377,925333956110757888,0.0,0.6375,0.3691569703778404,"The Fake News is working overtime. As Paul Manaforts lawyer said, there was ""no collusion"" and events mentioned took place long before he...",0.07142857142857142,0.10714285714285714
166,0.23664549802922602,926492915626663939,0.0,0.5,0.5779643322513934,The decision on Sergeant Bergdahl is a complete and total disgrace to our Country and to our Military.,0.05263157894736842,0.05263157894736842
172,0.2352091337571954,921888248707846144,0.0,0.3083333333333333,0.8306752984156067,"I agree getting Tax Cuts approved  is important (we will also get HealthCare), but perhaps no Administration has done more in its first.....",0.0,0.037037037037037035
175,0.22953658220639844,926580912036466690,0.0,0.3625,0.7851829110319921,Getting ready to land in Hawaii. Looking so much forward to meeting with our great Military/Veterans at Pearl Harbor!,0.0,0.0
163,0.22475821999269177,926456069047582721,0.16666666666666666,0.4017857142857143,0.4601006237729826,Bernie Sanders supporters have every right to be apoplectic of the complete theft of the Dem primary by Crooked Hillary!,0.047619047619047616,0.047619047619047616
164,0.22453140022975018,925833462426292226,0.0,0.4916666666666666,0.5440338127429539,"Thank you to the GREAT NYPD, First Responders and all govt officials for having handled the terrible West Side atta‚Ä¶ https://t.co/wcjWahjCHF",0.043478260869565216,0.043478260869565216
158,0.22359859527477005,923147501418446849,0.0,0.64375,0.3588583609892348,"""Clinton campaign &amp; DNC paid for research that led to the anti-Trump Fake News Dossier. The victim here is the President."" @FoxNews",0.038461538461538464,0.07692307692307693
170,0.22105263157894744,925716689064427520,0.0,0.5,0.6052631578947371,#NYCStrong #USAüá∫üá∏ https://t.co/6K3Xw5P87d,0.0,0.0
168,0.21803566912321518,924382919845666816,0.0,0.5,0.5901783456160759,...in order to put any and all conspiracy theories to rest.,0.0,0.0
165,0.21247959042819548,928083235040579584,0.0,0.4318181818181818,0.6305797703227957,"Join me LIVE in South Koreaüá∫üá∏üá∞üá∑
#NationalAssembly #POTUSinAsia 
‚û°Ô∏èhttps://t.co/M3iEhPdkas https://t.co/hSxdtd2UnY",0.0,0.0
160,0.21080627377449032,923869147091451904,0.0,0.5,0.5085768234179062,"Congratulations to @SpeakerRyan, @GOPLeader, @SteveScalise and to the Republican Party on Budget passage yesterday. Now for biggest Tax Cuts",0.0,0.045454545454545456
162,0.20540540540540522,923546629935894530,0.0,0.5,0.5270270270270261,RT @seanhannity: BOOM!!  Tick Tock https://t.co/8E2Lvj3TTa,0.0,0.0
161,0.20413381231784503,921724821939130369,0.0,0.5,0.5206690615892251,People get what is going on! https://t.co/Pdg7VqQv6M,0.0,0.0
115,0.20156870331188387,923720632122200064,0.0,0.65,0.08511624383214661,"WORKING TOGETHER, we will defeat this #OpioidEpidemic &amp; free our nation from the terrible affliction of drug abuse.‚Ä¶ https://t.co/Mw8xZxOEUn",0.09090909090909093,0.18181818181818185
146,0.20097371242675893,921848853090983938,0.08333333333333333,0.43333333333333335,0.4497403570055894,"Crooked Hillary Clinton spent hundreds of millions of dollars more on Presidential Election than I did. Facebook was on her side, not mine!",0.0,0.038461538461538464
156,0.2,924064610038272000,0.0,0.5,0.5,#JFKFiles https://t.co/AnPBSJFh3J,0.0,0.0
155,0.2,927715648477724672,0.0,0.5,0.5,"RT @AbeShinzo: „Éà„É©„É≥„ÉóÂ§ßÁµ±È†ò„Å´„Çà„Çã„ÄÅÂàù„ÅÆ„ÄÅÊ≠¥Âè≤ÁöÑ„Å™Êó•Êú¨Ë®™Âïè„ÅØ„ÄÅÈñìÈÅï„ÅÑ„Å™„Åè„ÄÅÊó•Á±≥ÂêåÁõü„ÅÆÊè∫„Çã„Åé„Å™„ÅÑÁµÜ„Çí‰∏ñÁïå„Å´Á§∫„Åô„Åì„Å®„Åå„Åß„Åç„Åæ„Åó„Åü„ÄÇ

Êú¨ÂΩì„Å´„ÅÇ„Çä„Åå„Å®„ÅÜ„ÄÅ„Éâ„Éä„É´„Éâ„ÄÇ„Åù„Åó„Å¶„ÄÅ„Ç¢„Ç∏„Ç¢Ê≠¥Ë®™„ÅÆÂ§ßÊàêÂäü„Çí„ÅäÁ•à„Çä„Åó„Å¶„ÅÑ„Åæ„Åô„ÄÇ

@realDonaldTrump https://t.‚Ä¶",0.0,0.0
140,0.19934012745223736,922799981874089985,0.0,0.575,0.3550339705945202,"...Corker dropped out of the race in Tennesse when I refused to endorse him, and now is only negative on anything Trump. Look at his record!",0.0,0.06666666666666668
152,0.19878207424445238,925388990177562625,0.0,0.5,0.4939103712222619,Thank you @LuisRiveraMarin! https://t.co/BK7sDv9phU,0.0,0.0
151,0.19878207424445238,923920535607828481,0.0,0.5,0.4939103712222619,Thank you @FLGovScott. https://t.co/rgdU9plvFK,0.0,0.0
150,0.1981469021307917,926260114146889728,0.0,0.3,0.6907345106539585,I will be interviewed by @IngrahamAngle on @FoxNews at 10:00. Enjoy!,0.0,0.0
130,0.19749393577652463,926415703476928512,0.08333333333333333,0.4863636363636364,0.2696245610375054,The real story on Collusion is in Donna B's new book. Crooked Hillary bought the DNC &amp; then stole the Democratic Primary from Crazy Bernie!,0.07407407407407407,0.07407407407407407
149,0.19510345732896553,925490503218589696,0.0,0.5,0.4755172866448276,"We must not allow ISIS to return, or enter, our country after defeating them in the Middle East and elsewhere. Enough!",0.0,0.0
131,0.19446115569606812,923551572218572802,0.0,0.4083333333333333,0.4349401870824913,"Ed Gillespie will turn the really bad Virginia economy #'s around, and fast. Strong on crime, he might even save our great statues/heritage!",0.06451612903225806,0.06451612903225806
148,0.19400000000000003,926484660946862085,0.0,0.5,0.4700000000000002,"JOBS, JOBS, JOBS! https://t.co/twUNktGbnb",0.0,0.0
142,0.19383032887377677,924625061100867584,0.0,0.3083333333333333,0.6285602465194217,"As usual, the ObamaCare premiums will be up (the Dems own it), but we will Repeal &amp; Replace and have great Healthcare soon after Tax Cuts!",0.0,0.03225806451612903
147,0.19345268902880117,924963492645437441,0.0,0.4166666666666667,0.5505967784773391,"Report out that Obama Campaign paid $972,000 to Fusion GPS. The firm also got $12,400,000 (really?) from DNC. Nobody knows who OK'd!",0.0,0.0
138,0.19330351421764722,927847471321141249,0.0,0.5947916666666667,0.31909432547420097,"....is making. Working very hard on TAX CUTS for the middle class, companies and jobs!",0.0,0.05263157894736842
145,0.19285714285714292,927523335956848640,0.0,0.5,0.4642857142857146,#USAüá∫üá∏ #JapanüáØüáµ https://t.co/EvxFqAVnFS,0.0,0.0
141,0.18733806464831432,926707692395102219,0.0,0.325,0.6116903232415716,"Thank you to our GREAT Military/Veterans and @PacificCommand.

Remember #PearlHarbor. Remember the @USSArizona!

A‚Ä¶ https://t.co/30rtKwqU98",0.0,0.0
127,0.18459922668600165,922817539251556353,0.0,0.425,0.3868850223188971,"Isn't it sad that lightweight Senator Bob Corker, who couldn't get re-elected in the Great State of Tennessee, will now fight Tax Cuts plus!",0.037037037037037035,0.07407407407407407
139,0.183983586506662,926404584456773632,0.08333333333333333,0.3659090909090909,0.4706755082908857,"...New Donna B book says she paid for and stole the Dem Primary. What about the deleted E-mails, Uranium, Podesta, the Server, plus, plus...",0.0,0.0
137,0.18137295004371795,924096747122634752,0.08333333333333333,0.5,0.3235314168852565,"‚ÄúWHAT HAPPENED‚Äù

‚ÄúHow Team Hillary played the press for fools on Russia‚Äù
‚û°Ô∏èhttps://t.co/GqpIidk017

NOW WE KNOW! https://t.co/SgWL1HZmkI",0.0,0.0
122,0.18115293150296846,926421589159182339,0.0,0.525,0.25576465751484234,"...Based on that, the Military has hit ISIS ""much harder"" over the last two days. They will pay a big price for every attack on us!",0.0625,0.0625
136,0.17982276371739855,925845735089889280,0.0,0.41,0.4891138185869928,Thanks to @SenateMajLdr McConnell and the @SenateGOP we are appointing high-quality Federal District...,0.0,0.0
135,0.17910576374295126,923545771416449024,0.0,0.5,0.39552881871475626,RT @PChowka: Fox News With Hannity's Help Regains Its Ratings Dominance By Peter Barry Chowka at The Hagmann report https://t.co/ICDMCZregu‚Ä¶,0.0,0.0
133,0.17749886784612082,928074747316928513,0.0,0.6458333333333334,0.20717824727658105,"Ed Gillespie worked hard but did not embrace me or what I stand for. Don‚Äôt forget, Republicans won 4 out of 4 House‚Ä¶ https://t.co/HODixMtPNw",0.0,0.03448275862068965
134,0.17337873638557752,923244308848881665,0.0,0.45,0.4168936819278876,Just interviewed by @LouDobbs. Will be aired tonight at 7pmE on @FoxBusiness. #Dobbs,0.0,0.0
113,0.1727661659501803,923552633633337344,0.0,0.421875,0.30402479526814274,"Ed Gillespie will be a great Governor of Virginia. His opponent doesn't even show up to meetings/work, and will be VERY weak on crime!",0.06896551724137931,0.06896551724137931
116,0.17245922128387567,925818295462322184,0.0,0.5,0.2446490475958489,Just spoke with @NYGovCuomo and @NYCMayor de Blasio to let them know that the federal government...,0.0,0.1176470588235294
128,0.17212092917271343,926401530013642765,0.0,0.5388888888888889,0.2846787199376413,My Twitter account was taken down for 11 minutes by a rogue employee. I guess the word must finally be getting out-and having an impact.,0.0,0.037037037037037035
132,0.17026922090593724,922903426434064384,0.0,0.25,0.6013461045296862,"‚ÄúPresident Donald J. Trump Proclaims October 24, 2017, as United Nations Day‚Äù Read more: https://t.co/cyRAQAKhy2 https://t.co/HVD0kLYlBk",0.0,0.0
105,0.16694678483326492,922833943749103621,0.0,0.23250000000000004,0.4483877703201708,Stock Market just hit another record high! Jobs looking very good.,0.07692307692307693,0.07692307692307693
124,0.166728144868245,927648870796070912,0.0,0.3458333333333333,0.446140724341225,"Getting ready to leave for South Korea and meetings with President Moon, a fine gentleman. We will figure it all out!",0.0,0.04166666666666666
129,0.16584485311410058,928325667556548608,0.0,0.5,0.3292242655705028,Congratulations to all of the ‚ÄùDEPLORABLES‚Äù and the millions of people who gave us a MASSIVE (304-227) Electoral Co‚Ä¶ https://t.co/cKVtPvEHOB,0.0,0.0
117,0.16552189454067767,925336826717593600,0.0,0.5,0.25864395546200897,I hope people will start to focus on our Massive Tax Cuts for Business (jobs) and the Middle Class (in addition to Democrat corruption)!,0.0,0.06896551724137931
114,0.16389579673713317,923165619868131329,0.0,0.4,0.33124368956801875,"Jeff Flake, with an 18% approval rating in Arizona, said ""a lot of my colleagues have spoken out."" Really, they just gave me a standing O!",0.029411764705882356,0.05882352941176471
126,0.1621428908427252,925394079982280704,0.0,0.175,0.6357144542136259,"Wishing everyone a safe and Happy Halloween!
#Halloween2017 https://t.co/BRpgXVRI8Y",0.0,0.0
119,0.1604033966762305,921828280998744066,0.0,0.7,0.06355544491961401,"Officials behind the now discredited ""Dossier"" plead the Fifth. Justice Department and/or FBI should immediately release who paid for it.",0.0,0.038461538461538464
125,0.15879944215189915,928793643367960576,0.0,0.7,0.09399721075949576,"I am leaving China for #APEC2017 in Vietnam. @FLOTUS Melania is staying behind to see the zoo, and of course, the G‚Ä¶ https://t.co/j2kDjWvnsj",0.0,0.0
123,0.15739958189499376,927673257230327808,0.0,0.6,0.1869979094749689,....Some of those they are harshly treating have been ‚Äúmilking‚Äù their country for years!,0.0,0.0
86,0.15701591442943488,925739132579729420,0.0,0.48125,0.13716290548050775,Wouldn't it be great to Repeal the very unfair and unpopular Individual Mandate in ObamaCare and use those savings for further Tax Cuts.....,0.04166666666666666,0.125
90,0.15669295385558432,928279728125108225,0.0,0.625,0.01560762642077876,NoKo has interpreted America's past restraint as weakness. This would be a fatal miscalculation. Do not underestima‚Ä¶ https://t.co/3ZqTpo7GrT,0.047619047619047616,0.09523809523809523
121,0.15440683950233974,923546192511946752,0.0,0.35,0.4220341975116988,Will be another Sean success! https://t.co/SlNTENvJLA,0.0,0.0
98,0.15385231304916583,926419647708258304,0.0,0.4833333333333333,0.18247995605042686,"ISIS just claimed the Degenerate Animal who killed, and so badly wounded, the wonderful people on the West Side, was ""their soldier."" .....",0.03448275862068965,0.06896551724137931
120,0.15304696803248657,924382514613030912,0.0,0.5333333333333333,0.23190150682909955,"After strict consultation with General Kelly, the CIA and other Agencies, I will be releasing ALL #JFKFiles other than the names and...",0.0,0.0
118,0.15243121927540915,921723302481145857,0.0,0.5,0.2621560963770458,RT @IamVicky4Trump: TUNE IN: Maria Bartiromo Has an Exclusive Interview With President Trump https://t.co/H5VuJwy78o,0.0,0.0
106,0.14926699461449777,926789876556500992,0.0,0.5047979797979798,0.17702086424225094,"Unemployment is down to 4.1%, lowest in 17 years. 1.5 million new jobs created since I took office. Highest stock Market ever, up $5.4 trill",0.0,0.06451612903225806
101,0.1482709248415704,925684982307348480,0.0,0.5,0.1699260527792805,"The terrorist came into our country through what is called the ""Diversity Visa Lottery Program,"" a Chuck Schumer beauty. I want merit based.",0.03571428571428571,0.03571428571428571
110,0.14767025612353593,923365521847934976,0.0,0.25,0.4483512806176796,"This will be the biggest TAX CUT in the history of our country - and we need it! #TaxReform 
Read more:‚Ä¶ https://t.co/1qDeHBLabT",0.0,0.04
112,0.14743040140757907,925740081805217792,0.0,0.5,0.20011497000085846,....for the Middle Class. The House and Senate should consider ASAP as the process of final approval moves along. Push Biggest Tax Cuts EVER,0.0,0.037037037037037035
76,0.14681392729625267,925497025386500096,0.0,0.4318181818181818,0.1541033065149334,"My thoughts, condolences and prayers to the victims and families of the New York City terrorist attack. God and your country are with you!",0.07407407407407407,0.07407407407407407
104,0.14387384952232432,923312613584289792,0.0,0.5,0.17936924761162154,"Texas @GovAbbott &amp; Lt. Gov. @DanPatrick,

Thank you for todays briefing on hurricane recovery efforts here in TX. K‚Ä¶ https://t.co/5lGb2FKLJ2",0.0,0.04
103,0.1438455001160139,922603042796654592,0.0,0.55,0.12756083391340284,We will never forget the 241 American service members killed by Hizballah in Beirut. They died in service to our na‚Ä¶ https://t.co/xd2GAvU0YP,0.0,0.04166666666666666
111,0.1398224945822479,927906208203276288,0.0,0.2333333333333333,0.4657791395779063,"Franklin, such a great photo. 

HAPPY 99th BIRTHDAY to your father, @BillyGraham! https://t.co/l0c7RvvOa1",0.0,0.0
109,0.1393906479838967,923360048771936256,0.0,0.5,0.19695323991948346,RT @IvankaTrump: Working families need #TaxReform &amp; the time is now. This Administration is committed to ensuring all Americans can thrive‚Ä¶,0.0,0.0
83,0.1390716304923057,923976737788227584,0.0,0.6,0.004449061552437636,We are inspired by the stories of everyday heroes who pull their communities from the depths of despair through lea‚Ä¶ https://t.co/QsxRShJWmQ,0.045454545454545456,0.045454545454545456
108,0.13894947608639216,925447637708496897,0.0,0.5675925925925926,0.1271547878393682,"U.S. COAL PRODUCTION
Upüìà7.8% past year. 
Downüìâ31.5% last 10 years. 
#EndingWarOnCoal https://t.co/xr20OBb2DV",0.0,0.0
85,0.1377777928817429,925686558304464897,0.0,0.5569444444444445,0.05502144304119324,"We are fighting hard for Merit Based immigration, no more Democrat Lottery Systems. We must get MUCH tougher (and smarter).  @foxandfriends",0.038461538461538464,0.038461538461538464
94,0.13745840819835306,928098389966942208,0.0,0.625,0.02657775527747964,Anyone who doubts the strength or determination of the U.S. should look to our past....and you will doubt it no lon‚Ä¶ https://t.co/n1Dc7xNmcg,0.0,0.03571428571428571
95,0.13718613465096968,927265906086031363,0.0,0.5,0.15367260873871946,"May God be w/ the people of Sutherland Springs, Texas. The FBI &amp; law enforcement are on the scene. I am monitoring the situation from Japan.",0.0,0.03225806451612903
107,0.13679526217861865,927007332743172098,0.0,0.5,0.18397631089309316,"Just gave a speech to the great men and women at Yokota Air Base in Tokyo, Japan. Leaving to see Prime Minister Abe. https://t.co/6LRAgojvDB",0.0,0.0
74,0.13658037175742602,924641278947622913,0.08333333333333333,0.45,0.049568525453796766,"...are now fighting back like never before. There is so much GUILT by Democrats/Clinton, and now the facts are pouring out. DO SOMETHING!",0.03333333333333333,0.06666666666666668
75,0.13583565786640261,927847349648609280,0.0,0.26,0.32394019409391783,Stock market hit yet another all-time record high yesterday. There is great confidence in the moves that my Administration....,0.047619047619047616,0.047619047619047616
102,0.13480627207661214,924414387343028224,0.0,0.525,0.1490313603830606,"JFK Files are released, long ahead of schedule!",0.0,0.0
71,0.13451829925828918,925818338172915712,0.0,0.5,0.07259149629144579,@NYGovCuomo @NYCMayor ...fully supports any and all of their efforts with respect to the West Side attack. #NYCStrong,0.05,0.05
100,0.13390181533102702,921889525881819136,0.0,0.5,0.1695090766551351,"...9 months than this Administration. Over 50 Legislation approvals, massive regulation cuts, energy freedom, pipelines, border security....",0.0,0.0
99,0.1334640754168292,924022268929433600,0.0,0.5625,0.10482037708414607,"People are anxiously awaiting my decision as to who the next head of the Fed will be....
üé•https://t.co/PEj1KNYcAO",0.0,0.0
67,0.13331623577542076,923149037523566592,0.0,0.5,0.06658117887710384,"The reason Flake and Corker dropped out of the Senate race is very simple, they had zero chance of being elected. Now act so hurt &amp; wounded!",0.03333333333333333,0.06666666666666668
97,0.13281769632854812,926460439000698880,0.0,0.5777777777777778,0.08631070386496277,"Just took off for ceremony @ Pearl Harbor. Will then be heading to Japan, SKorea, China, Vietnam &amp; the Philippines. Will never let you down!",0.0,0.0
78,0.13175700112412062,925405818446663685,0.0,0.5,0.08735643419203168,RT @IvankaTrump: We're working to make tax cuts &amp; the expanded Child Tax Credit a reality for American families. The time is now! #TaxRefor‚Ä¶,0.0,0.07142857142857142
96,0.13088324481054583,928861178113040385,0.0,0.5,0.1544162240527292,"Just landed in Da Nang, Vietnam to deliver a speech at #APEC2017",0.0,0.0
73,0.1308274940291006,922430688703451136,0.0,0.5,0.07721439322242618,"Two dozen NFL players continue to kneel during the National Anthem, showing total disrespect to our Flag &amp; Country.  No leadership in NFL!",0.038461538461538464,0.038461538461538464
84,0.12999022683914668,928770248370728960,0.0,0.4916666666666666,0.11828446752906688,My meetings with President Xi Jinping were very productive on both trade and the subject of North Korea. He is a hi‚Ä¶ https://t.co/WqDuLr1nyF,0.0,0.04
93,0.12984965804695356,928622838487007260,0.0,0.5,0.14924829023476788,In the coming months and years ahead I look forward to building an even STRONGER relationship between the United St‚Ä¶ https://t.co/kHCeQSQDtk,0.0,0.0
92,0.1292101166922005,925363340553211909,0.0,0.55,0.09605058346100252,"The biggest story yesterday, the one that has the Dems in a dither, is Podesta running from his firm. What he know about Crooked Dems is....",0.0,0.0
91,0.12820579321945125,924397489037430784,0.0,0.09999999999999998,0.5410289660972563,"Happy #FirstRespondersDay to all of our HEROES out there. We are forever grateful to you for your service, sacrific‚Ä¶ https://t.co/UpEh9uZ9fu",0.0,0.0
89,0.12752563429310254,926456409260285952,0.0,0.3690476190476191,0.26858055241789364,"I always felt I would be running and winning against Bernie Sanders, not Crooked H, without cheating, I was right.",0.0,0.0
80,0.12740167354014234,926973117708296192,0.0,0.3833333333333333,0.2060559867483308,I am landing shortly. Can‚Äôt wait to be with our GREAT MILITARY. See you soon! https://t.co/AVLrrOxmm4,0.0,0.047619047619047616
88,0.1267766839348087,923237600009342978,0.0,0.1333333333333333,0.5005500863407102,"Congrats to @Reince Priebus, a really good and talented man. We‚Äôre proud of you Reince! https://t.co/7AsjAMrSnV",0.0,0.0
87,0.1262577499213909,922830229525225477,0.0,0.5,0.13128874960695452,...the entire World WAS laughing and taking advantage of us. People like liddle' Bob Corker have set the U.S. way back. Now we move forward!,0.0,0.0
61,0.12493914586648389,926406490763784194,0.0,0.5214285714285715,0.036600491237181385,"....People are angry.  At some point the Justice Department, and the FBI, must do what is right and proper. The American public deserves it!",0.03333333333333333,0.03333333333333333
69,0.12363677845230008,925373392827666432,0.0,0.55,0.018183892261500315,‚ÄúStatement by President Trump on the Apprehension of Mustafa al-Imam for His Alleged Role in Benghazi Attacks‚Äù https://t.co/2U7WJmfGlM,0.0,0.05
68,0.12299257031374555,925910265060831232,0.0,0.4458333333333333,0.1215104706163469,The United States will be immediately implementing much tougher Extreme Vetting Procedures. The safety of our citizens comes first!,0.0,0.047619047619047616
40,0.12055643375444058,923905540291522560,0.0,0.45,0.009925025915060098,"It is now commonly agreed, after many months of COSTLY looking, that there was NO collusion between Russia and Trump. Was collusion with HC!",0.07142857142857142,0.07142857142857142
49,0.11976871876238997,928097817037627393,0.0,0.5,0.0036054985738544726,"The North Korean regime has pursued its nuclear &amp; ballistic missile programs in defiance of every assurance, agreem‚Ä¶ https://t.co/J7WklThu2q",0.047619047619047616,0.047619047619047616
82,0.11836513687498842,927075137131896832,0.0,0.44166666666666665,0.15015901770827547,It was a true honor to be at Yokota Air Base with our GREAT @USForcesJapan! https://t.co/KEXnIkkQks,0.0,0.0
81,0.11809474142215555,927059219370643456,0.0,0.0,0.5904737071107777,"Playing golf with Prime Minister Abe and Hideki Matsuyama, two wonderful people! https://t.co/vYLULe0o2K",0.0,0.0
79,0.11769495006893933,926417546038923264,0.16666666666666666,0.25,0.17180808367803,"Pocahontas just stated that the Democrats, lead by the legendary Crooked Hillary Clinton, rigged the Primaries! Lets go FBI &amp; Justice Dept.",0.0,0.0
77,0.1171859498792027,928286153672970240,0.0,0.325,0.2609297493960135,Looking forward to a full day of meetings with President Xi and our delegations tomorrow. THANK YOU for the beautif‚Ä¶ https://t.co/lSC21tvK3w,0.0,0.0
57,0.11576595208440166,924249943719727104,0.0,0.30546875,0.2333610104220082,Very little reporting about the GREAT GDP numbers announced yesterday (3.0 despite the big hurricane hits). Best consecutive Q's in years!,0.0,0.04
72,0.115258473125642,924056425298571265,0.0,0.09999999999999998,0.47629236562821003,"Happy Birthday @TheLeeGreenwood!
#FlashbackFriday https://t.co/MCrMK6Eurm",0.0,0.0
55,0.11463366038623528,923662988833427458,0.0,0.35,0.16761274637562082,"Effective today, my administration officially declared the #OpioidCrisis a NATIONAL PUBLIC HEALTH EMERGENCY under f‚Ä¶ https://t.co/0DF0lnfKJG",0.0,0.05555555555555555
70,0.11369482903060293,928936220360503296,0.0,0.4666666666666667,0.10180747848634797,The United States has been reminded time and again in recent years that economic security is not merely RELATED to‚Ä¶ https://t.co/62WsIAen7F,0.0,0.0
44,0.11291796010231137,923925428372492288,0.0,0.4008333333333333,0.08683339025514666,"Diane Black of Tennessee, the highly respected House Budget Committee Chairwoman, did a GREAT job in passing Budget, setting up big Tax Cuts",0.0,0.07692307692307693
66,0.11269337671125183,923277142271684609,0.0,0.3875,0.17596688355625914,The long anticipated release of the #JFKFiles will take place tomorrow. So interesting!,0.0,0.0
65,0.11267989097732786,927802776737984513,0.0,0.07499999999999996,0.4883994548866394,"It was my great honor to have lunch with our INCREDIBLE U.S. and ROK troops at Camp Humphreys, in South Korea. üá∫üá∏üá∞üá∑‚Ä¶ https://t.co/QJtVR498yK",0.0,0.0
56,0.11256095695703314,922951009277825024,0.0,0.31666666666666665,0.2104238324042134,So nice being with Republican Senators today. Multiple standing ovations! Most are great people who want big Tax Cuts and success for U.S.,0.0,0.03571428571428571
64,0.11187024502732981,921780758372642816,0.0,0.5,0.059351225136648984,‚ÄúTrump hails liberation of Raqqa as critical breakthrough in anti-ISIS campaign‚Äù https://t.co/2eoYXJB7h0,0.0,0.0
63,0.11180428238919711,928105793366392832,0.0,0.275,0.28402141194598546,"Together, we dream of a Korea that is free, a peninsula that is safe, and families that are reunited once again! https://t.co/9tsZRCC83j",0.0,0.0
62,0.11176292093651315,924382752941756421,0.0,0.325,0.2338146046825657,"...addresses of any mentioned person who is still living. I am doing this for reasons of full disclosure, transparency and...",0.0,0.0
29,0.11089925845934887,925907651350941696,0.0,0.2333333333333333,0.17301481081526288,Just spoke to President Macri of Argentina about the five proud and wonderful men killed in the West Side terror attack. God be with them!,0.037037037037037035,0.1111111111111111
52,0.10971324176334485,928926863375794176,0.0,0.5,0.006899542150057619,Today I am here to offer a renewed partnership with America -- to work together to strengthen the bonds of friendsh‚Ä¶ https://t.co/2IdSIlE3Ek,0.0,0.04166666666666666
60,0.10943165722112233,925440868575797252,0.0,0.3409090909090909,0.20624919519652085,‚ÄúHome Prices Reach New All-Time Highs in August‚Äù Read more: https://t.co/XzJiZgGQ8R https://t.co/STBtR6mO2j,0.0,0.0
59,0.10873047320990692,928124338343202816,0.0,0.37,0.1736523660495346,Leaving South Korea now heading to China. Looking very much forward to meeting and being with President Xi!,0.0,0.0
37,0.10832695222916466,926053970535243777,0.0,0.325,0.12967823940669296,Would love to send the NYC terrorist to Guantanamo but statistically that process takes much longer than going through the Federal system...,0.043478260869565216,0.043478260869565216
50,0.10791723651986027,921871707564101632,0.0,0.45,0.053871896885015605,"Just out, but lightly reported: ""Fewest jobless claims since 1973 show firm U.S. Job Market"" Lowest since March 1973. @bpolitics",0.0,0.03571428571428571
58,0.10791232605412966,928016742575738882,0.0,0.5,0.03956163027064824,Thank you to all Americans who participated in Nat'l Rx Drug Take Back Day. A record amount of drugs collected &amp; disposed. We can do this!,0.0,0.0
39,0.10655821998129811,921891186352287744,0.0,0.4583333333333334,0.000383692499083034,"...2nd Amendment, Strong Military, ISIS, historic VA improvement, Supreme Court Justice, Record Stock Market, lowest unemployment in 17 yrs!",0.037037037037037035,0.037037037037037035
35,0.10622180803435415,926259330474704900,0.0,0.425,0.02277570683843744,The @TuckerCarlson opening statement about our once cherished and great FBI was so sad to watch. James Comey's leadership was a disaster!,0.04166666666666666,0.04166666666666666
46,0.10493210565402022,924649059520073730,0.0,0.4523809523809524,0.03779681726845907,"All of this ""Russia"" talk right when the Republicans are making their big push for historic Tax Cuts &amp; Reform. Is this coincidental? NOT!",0.0,0.03448275862068965
54,0.10249854877653083,925913030159937537,0.0,0.3055555555555556,0.20693718832709865,It is finally happening for our great clean coal miners! https://t.co/suAnjs6Ccz,0.0,0.0
43,0.10217133996763368,926783758530781184,0.0,0.4,0.07637394121747876,RT @IvankaTrump: Touched by the warm hospitality of Prime Minister Abe and the Japanese people. „ÅÇ„Çä„Åå„Å®„ÅÜ„Åî„Åñ„ÅÑ„Åæ„Åô [Thank you]! Until next time üáØüáµ‚Ä¶,0.0,0.03448275862068965
25,0.10180958216745628,924011278804357120,0.08333333333333333,0.25,0.05806751868041862,.@FoxNews Chris Wallace: ‚ÄúMore evidence of Dem collusion with Russia than GOP‚Äù https://t.co/nACQerJSiu,0.05882352941176471,0.05882352941176471
53,0.10150879484054402,925688931823300609,0.0,0.5,0.007543974202720124,"""Senator Chuck Schumer helping to import Europes problems"" said Col.Tony Shaffer. We will stop this craziness!  @foxandfriends",0.0,0.0
51,0.10100042938868661,928931835664465921,0.0,0.5,0.005002146943433072,The United States is prepared to work with each of the leaders in this room today to achieve mutually beneficial co‚Ä¶ https://t.co/6hY41gFM5i,0.0,0.0
48,0.10063560461881607,927672843504177152,0.0,0.2375,0.2656780230940804,"I have great confidence in King Salman and the Crown Prince of Saudi Arabia, they know exactly what they are doing....",0.0,0.0
47,0.100526006485477,926185468911382529,0.0,0.5,0.002630032427385038,"Broadcom's move to America=$20 BILLION of annual rev into U.S.A., $3+ BILLION/yr. in research/engineering &amp; $6 BILL‚Ä¶ https://t.co/0PUrl6k86K",0.0,0.0
45,0.09763114756312716,925860866767163393,0.0,0.4,0.08815573781563572,"CHAIN MIGRATION must end now! Some people come in, and they bring their whole family with them, who can be truly ev‚Ä¶ https://t.co/g0RgPIG2K3",0.0,0.0
42,0.09383166241507793,923320000185847808,0.0,0.3,0.1691583120753896,Interview with @LouDobbs coming up at 7pmE on @FoxBusiness. Enjoy! https://t.co/9V9z015kVl,0.0,0.0
28,0.09379726972424478,925424931390873602,0.0,0.25,0.15231968195455722,"""Consumer Confidence Hits Highest Level Since December 2000"" Read more: https://t.co/w7WkcobFun https://t.co/nLo5XCnuIx",0.0,0.06666666666666668
41,0.09352789623762892,923876612013248512,0.0,0.3833333333333333,0.08430614785481126,JFK Files are being carefully released. In the end there will be great transparency. It is my hope to get just about everything to public!,0.0,0.0
34,0.09312110393728788,923150966551171073,0.0,0.39916666666666667,0.03518885301977278,"Working hard on the biggest tax cut in U.S. history. Great support from so many sides. Big winners will be the middle class, business &amp; JOBS",0.0,0.03125
27,0.09289353978673683,924637600094326784,0.08333333333333333,0.25,0.06661823656809278,"...the Uranium to Russia deal, the  33,000 plus deleted Emails, the Comey fix and so much more. Instead they look at phony Trump/Russia,....",0.03225806451612903,0.03225806451612903
30,0.09230743681561156,923149793974775810,0.0,0.2833333333333333,0.139742312283186,"The meeting with Republican Senators yesterday, outside of Flake and Corker, was a love fest with standing ovations and great ideas for USA!",0.0,0.038461538461538464
38,0.09154811539659333,925534445393928199,0.0,0.4513888888888889,0.006351688094077746,"I have just ordered Homeland Security to step up our already Extreme Vetting Program. Being politically correct is fine, but not for this!",0.0,0.0
36,0.09068691752102649,922067676708638721,0.0,0.3,0.15343458760513248,Doing interview today with Maria Bartiromo at 10:00 A.M. on @FoxNews - ENJOY!,0.0,0.0
22,0.0886358878606764,923866515358789633,0.0,0.35625,0.01000636238030508,"Wacky &amp; totally unhinged Tom Steyer, who has been fighting me and my Make America Great Again agenda from beginning, never wins elections!",0.038461538461538464,0.038461538461538464
24,0.08757999637707489,923871062072295427,0.0,0.1333333333333333,0.25456664855204114,Good luck to @Joy_Villa on her decision to enter the wonderful world of politics. She has many fans!,0.05,0.0
33,0.08679366340405477,925925920304779264,0.0,0.3647727272727273,0.06919558974754654,"Great mtg w/ @Cabinet today. Tomorrow, I will be announcing the new head of the Fed. I think you will be extremely‚Ä¶ https://t.co/dKtJBjGlYe",0.0,0.0
32,0.08583936702005508,923866849451888640,0.0,0.09999999999999998,0.3291968351002754,Thank you @foxandfriends. Really great job and show!,0.0,0.0
31,0.08508732886919547,924966722544848896,0.0,0.09999999999999998,0.32543664434597736,Great job by MichaelCaputo on @foxandfriends.,0.0,0.0
26,0.07942838412863501,926793510723796993,0.0,0.3672727272727273,0.029869193370447737,Would very much appreciate Saudi Arabia doing their IPO of Aramco with the New York Stock Exchange. Important to the United States!,0.0,0.0
18,0.07547237345990018,922428118685581313,0.0,0.2666666666666667,0.0784371361167052,"There will be NO change to your 401(k). This has always been a great and popular middle class tax break that works, and it stays!",0.0,0.03225806451612903
23,0.07513431737904558,926155393490878464,0.0,0.3125,0.06317158689522788,I am calling on Congress to TERMINATE the diversity visa lottery program that presents significant vulnerabilities‚Ä¶ https://t.co/GcHKCxTNyF,0.0,0.0
21,0.07271025548076573,928969836897583104,0.0,0.3,0.06355127740382864,"On behalf of an entire nation, Happy 242nd Birthday to the men and women of the United States Marines!
#USMC242‚Ä¶ https://t.co/EDmzIuB09r",0.0,0.0
20,0.07107526182921689,923212567232774145,0.0,0.09999999999999998,0.2553763091460845,MAKE AMERICA GREAT AGAIN! https://t.co/CbEwJSQ1A3,0.0,0.0
19,0.07034876713225433,927645648685551616,0.0,0.35,0.0017438356612716232,"My visit to Japan and friendship with PM Abe will yield many benefits, for our great Country. Massive military &amp; energy orders happening+++!",0.0,0.0
17,0.06840575939142118,928922787938385920,0.0,0.3125,0.029528796957105908,"In more and more places throughout this region, citizens of SOVEREIGN and INDEPENDENT nations have taken greater co‚Ä¶ https://t.co/RoZxYEdh9m",0.0,0.0
9,0.06769258740241509,926238774773862400,0.0,0.24682539682539684,0.017563466112604537,"Great Tax Cut rollout today. The lobbyists are storming Capital Hill, but the Republicans will hold strong and do what is right for America!",0.037037037037037035,0.037037037037037035
11,0.06560957447957874,923268967728386049,0.0,0.2866666666666667,0.0013812057312270485,"Spoke to President Xi of China to congratulate him on his extraordinary elevation. Also discussed NoKo &amp; trade, two very important subjects!",0.0,0.04
16,0.06321886133686978,927844454957850625,0.0,0.07500000000000001,0.24109430668434886,Thank you to President Moon of South Korea for the beautiful welcoming ceremony. It will always be remembered. https://t.co/bMvJz1iV2a,0.0,0.0
15,0.06290758446897624,926216279287042048,0.0,0.3,0.014537922344881181,"Today, it was my pleasure and great honor to announce my nomination of Jerome Powell to be the next Chairman of the‚Ä¶ https://t.co/32kLFYbbuq",0.0,0.0
6,0.059741278252170106,925845770724618240,0.0,0.25,0.0010873436418029016,@SenateMajLdr @SenateGOP ...and Appeals Court Judges at a record clip! Our courts are rapidly changing for the better!,0.047619047619047616,0.0
14,0.058503683695734075,926157911151214592,0.0,0.25,0.0425184184786704,Congress must end chain migration so that we can have a system that is SECURITY BASED! We need to make AMERICA SAFE‚Ä¶ https://t.co/nxEDGfXlV9,0.0,0.0
13,0.05844921012519444,925916863401480192,0.0,0.09999999999999998,0.1922460506259722,"Happy birthday to @garyplayer, a truly great Champion and Person!",0.0,0.0
12,0.057857847006412035,927077305876434945,0.0,0.21666666666666667,0.07262256836539346,Heading into the 12 days with great negotiating strength because of our tremendous economy. https://t.co/4HnXkR3EhW,0.0,0.0
10,0.05758284195615031,923392161634275328,0.0,0.09999999999999998,0.1879142097807516,"Together, we will Make America Great Again!
#AmericaFirstüá∫üá∏ https://t.co/ajiC3flNkI",0.0,0.0
8,0.05184386034378119,928918183104225280,0.0,0.15000000000000002,0.10921930171890593,"Throughout my travels, I've had the pleasure of sharing the good news from America. I've had the honor of sharing o‚Ä¶ https://t.co/eGkJAZaPuU",0.0,0.0
7,0.0509237879421605,923894747793580033,0.0,0.175,0.0796189397108025,Happy birthday to the great @TheLeeGreenwood. You and your beautiful song have made such a difference. MAKE AMERICA GREAT AGAIN!,0.0,0.0
3,0.050537609395191696,922440008971292672,0.0,0.175,0.0007649700528815876,"I had a very respectful conversation with the widow of Sgt. La David Johnson, and spoke his name from beginning, without hesitation!",0.0,0.07692307692307693
5,0.04666362338544165,926647019455766528,0.0,0.19375,0.039568116927208255,Thank you for such a beautiful welcome Hawaii. My great honor to visit @PacificCommand upon arrival. Heading to Pea‚Ä¶ https://t.co/Yr6OZitxGR,0.0,0.0
4,0.04111042922369218,928519663780208640,0.0,0.18,0.025552146118460912,"President Xi, thank you for such an incredible welcome ceremony. It was a truly memorable and impressive display! üì∏‚Ä¶ https://t.co/Jbj5TWhCla",0.0,0.0
2,0.034117518272224735,926176823117074433,0.0,0.15000000000000002,0.02058759136112364,"Today, we are thrilled to welcome @Broadcom CEO Hock Tan to the WH to announce he is moving their HQ‚Äôs from Singapo‚Ä¶ https://t.co/iSUzEbrn0c",0.0,0.0
1,0.025151279424523137,928267692645036032,0.0,0.09999999999999998,0.02575639712261572,"On behalf of @FLOTUS Melania and I, THANK YOU for an unforgettable¬†afternoon and evening¬†at the¬†Forbidden City in B‚Ä¶ https://t.co/Q9H0MPdIvU",0.0,0.0
0,0.021033733646296567,927397233741492225,0.0,0.0,0.10516866823148284,...Americans do what we do best: we pull together. We join hands. We lock arms and through the tears and the sadnes‚Ä¶ https://t.co/CTtTeWjVHX,0.0,0.0
