,coordinates,favorite_count,geo,lang,place,source,trump_tweet_id,user_created_at,user_description,user_favourites_count,user_followers_count,user_friends_count,user_lang,user_location,user_name,user_statuses_count
0,,0,,en,,"<a href=""http://twitter.com/download/android"" rel=""nofollow"">Twitter for Android</a>",925534445393928199,Fri Aug 28 13:05:15 +0000 2015,Carol City Junior High Senior -employed George T Baker pilot jack of all trades mechanic Aviation I'm proud to be a volunteer for Donald Trump  I'm Slave Of God,139909,3702,5002,en,"Hialeah, FL",Orlando Milian Andre,338679
1,,0,,en,,"<a href=""http://www.twitter.com"" rel=""nofollow"">Twitter for Windows Phone</a>",925534445393928199,Mon Apr 02 15:52:22 +0000 2012,#WWE  #WWENetWork  #CatchRaw  #SmackDownAB #NXT  #TakeOver         #MainEvent #205Live  #CatchNightAB #ToughEnough  #WWEUniverse #WWEStudios #WWE2k18,2,2644,245,fr,Lormont,CÃ©dric Le Clech,685019
2,,0,,en,,"<a href=""http://twitter.com"" rel=""nofollow"">Twitter Web Client</a>",925534445393928199,Thu Sep 29 22:05:08 +0000 2016,@realDonaldTrump #FollowerOfJesus  #IStandWithTrump #AmericaFirst #MAGA #GodBlessTrump #infowars  #MAGA3X #TRUMP #NRA #2A ğŸ‡ºğŸ‡¸ğŸ‘ŒI instablock the enemy SorosBots.,32679,3902,4233,en,,PatrioticTrumpVoter,38129
3,,0,,en,,"<a href=""http://twitter.com/download/iphone"" rel=""nofollow"">Twitter for iPhone</a>",925534445393928199,Thu Oct 05 15:53:23 +0000 2017,,0,1,30,en,,Michelle Bell,7
4,,0,,en,,"<a href=""http://twitter.com/download/android"" rel=""nofollow"">Twitter for Android</a>",925534445393928199,Thu Jul 18 22:26:11 +0000 2013,,67,13,57,en,,Michael s.  Wilcox,96
5,,0,,en,,"<a href=""http://twitter.com/download/android"" rel=""nofollow"">Twitter for Android</a>",925534445393928199,Wed May 24 20:02:35 +0000 2017,,576,54,93,en,Ohio,Shannon Warden,28
6,,0,,en,,"<a href=""http://twitter.com/download/iphone"" rel=""nofollow"">Twitter for iPhone</a>",925534445393928199,Tue Nov 22 19:47:14 +0000 2016,Make America great again love my president,38772,1174,861,en,,Rosemary Sherbondy,51834
7,,0,,en,,"<a href=""http://twitter.com/download/android"" rel=""nofollow"">Twitter for Android</a>",925534445393928199,Thu Oct 19 02:07:24 +0000 2017,Technology Technology Technology Technology Science Gov Officials & Agencies,1,1,93,en,"Virginia, USA",cass,10
8,,0,,en,,"<a href=""http://twitter.com"" rel=""nofollow"">Twitter Web Client</a>",925534445393928199,Mon Jul 17 22:47:13 +0000 2017,,0,1,0,ja,,Ğ•Ğ»ĞµĞ½Ğ° Ğ ÑƒĞ´Ğ½ĞµĞ²Ğ°,471
9,,0,,en,,"<a href=""http://twitter.com/download/iphone"" rel=""nofollow"">Twitter for iPhone</a>",925534445393928199,Fri Nov 10 09:44:01 +0000 2017,,329,6,1,en,,Jasmine,323
10,,0,,en,,"<a href=""http://twitter.com/download/iphone"" rel=""nofollow"">Twitter for iPhone</a>",925534445393928199,Wed Sep 16 05:58:26 +0000 2015,,2408,21,24,en,,John J Petito,3819
11,,0,,en,,"<a href=""http://twitter.com/download/iphone"" rel=""nofollow"">Twitter for iPhone</a>",925534445393928199,Fri Feb 24 07:14:49 +0000 2017,,617,6,70,en,,Adam Raven,400
12,,0,,en,,"<a href=""http://twitter.com/download/android"" rel=""nofollow"">Twitter for Android</a>",925534445393928199,Tue Oct 23 00:33:36 +0000 2012,"American Independent Party/PRO-ISRAEL ğŸš¨#NOLISTSğŸš¨Use my invite code, 0i9z44, and get a free flight credit up to $20. https://t.co/YAtBm8Mc7I",12223,3864,3711,en,CALIFORNIA:REPUBLIC,Mathew,106296
13,,0,,en,,"<a href=""http://twitter.com/download/iphone"" rel=""nofollow"">Twitter for iPhone</a>",925534445393928199,Thu Sep 05 23:34:49 +0000 2013,ğŸŒŸKeep living life to the fullestğŸŒŸ #ALLRISE,24135,534,163,en,United States,âšªï¸99AllRISE99âšªï¸,14429
14,,0,,en,,"<a href=""http://twitter.com"" rel=""nofollow"">Twitter Web Client</a>",925534445393928199,Thu Sep 21 01:31:57 +0000 2017,,1351,5,43,zh-cn,,ç‹è€…ä¹‹é“,1363
15,,0,,en,,"<a href=""https://mobile.twitter.com"" rel=""nofollow"">Twitter Lite</a>",925534445393928199,Mon Mar 30 23:52:14 +0000 2015,"You only have one Life, make it worth while to Yourself and anyone in it. Go outside and enjoy Our Beautiful Earth! Independent, #MAGA, #BUILDWALL #AMERICAFIRST",13501,475,690,en,"Florida, U.S.A.",Stefanopodopolus pep,3768
16,,0,,en,,"<a href=""http://twitter.com/download/iphone"" rel=""nofollow"">Twitter for iPhone</a>",925534445393928199,Sat Jun 06 15:58:32 +0000 2009,"Follow Us On instagram JaynAmyHiatt or Visit https://t.co/soOjIug4Xf. The 3 Step, Simple Solution for Online Business, a.s.o var. FOX @ https://t.co/soOjIug4Xf",33548,43529,22,en,#JAYHIATT #JAYNAMY WORLDWIDE,50K JAY & AMY HIATT,144768
17,,0,,en,,"<a href=""http://twitter.com/download/iphone"" rel=""nofollow"">Twitter for iPhone</a>",925534445393928199,Tue Jul 04 00:38:41 +0000 2017,ReHashing news and shit.,1631,14,48,en,Afghanistan,Journalist Doge,1607
18,,0,,en,,"<a href=""http://twitter.com/download/android"" rel=""nofollow"">Twitter for Android</a>",925534445393928199,Wed Aug 24 09:15:58 +0000 2011,,3,44,378,en,bangladesh,md.mohsen uddin,385
19,,0,,en,,"<a href=""http://twitter.com/download/android"" rel=""nofollow"">Twitter for Android</a>",925534445393928199,Mon Jul 06 08:15:15 +0000 2009,"AGAINST: Tyranny, barbarism, hypocrisy, stupidity, PC, globalism, nazis, totalitarian leftists, anti-Semites, islamic apologists

FOR: Freedom, Democracy, Sense",165409,6345,5787,en,"USA, Brexit Britain, Israel",Gab.ai/CutTheCrapğŸ‘Œ,176989
20,,0,,en,,"<a href=""http://twitter.com/download/android"" rel=""nofollow"">Twitter for Android</a>",925534445393928199,Fri Nov 15 12:19:29 +0000 2013,"Marcello Menna nato a Brescia (BS) il 19 Aprile 1985

""Marcello Menna"" Facebook Fan Page - @marcello.menna.empire Instagram Account",24768,2846,4452,it,Italy,Marcello Menna,32607
21,,0,,en,,"<a href=""http://twitter.com/download/android"" rel=""nofollow"">Twitter for Android</a>",925534445393928199,Sun Aug 02 11:09:56 +0000 2015,,134534,1943,4452,en,,rains6944,122817
22,,0,,en,,"<a href=""http://twitter.com/download/android"" rel=""nofollow"">Twitter for Android</a>",925534445393928199,Fri Oct 20 08:07:28 +0000 2017,"Love God, USA, believe in Conserving American's rights and history! #Noguncontrol",1542,63,32,en,"South Carolina, USA",Sam Don,1566
23,,0,,en,,"<a href=""http://twitter.com/download/iphone"" rel=""nofollow"">Twitter for iPhone</a>",925534445393928199,Mon Jul 17 01:25:08 +0000 2017,Jesus Christ is Lord/The Bible is the Word of God! The Truth will always prevail~Stand w/Israel~Defend the unborn. My Fashionrede account mysteriously locked ğŸ¤”,11515,289,369,en,,Truth_b_Told,16209
24,,0,,en,,"<a href=""http://twitter.com/download/android"" rel=""nofollow"">Twitter for Android</a>",925534445393928199,Thu May 22 17:22:32 +0000 2014,,4601,593,4930,en,,SCI,17656
25,,0,,en,,"<a href=""https://mobile.twitter.com"" rel=""nofollow"">Twitter Lite</a>",925534445393928199,Thu Aug 24 21:24:44 +0000 2017,Fed up with where UK is heading. believe in good manners and being civil. Stop making excuses for terrorism and stop PC crap.,2854,122,153,en-gb,Uk,Maz,3200
26,,0,,en,,"<a href=""http://twitter.com/download/iphone"" rel=""nofollow"">Twitter for iPhone</a>",925534445393928199,Wed Nov 09 04:36:30 +0000 2016,,23869,689,1536,en,,Barbara Moore Schlot,18610
27,,0,,en,,"<a href=""http://twitter.com/download/android"" rel=""nofollow"">Twitter for Android</a>",925534445393928199,Fri Oct 06 02:32:49 +0000 2017,,554,6,57,en,,Jackie Turner,76
28,,0,,en,,"<a href=""http://twitter.com/download/iphone"" rel=""nofollow"">Twitter for iPhone</a>",925534445393928199,Wed Nov 08 21:45:57 +0000 2017,Just joint Twitter to support our Great President Trump who works only for the people ğŸ‡ºğŸ‡¸ #MAGA,352,6,1,en,,Prabhnoor,350
29,,0,,en,,"<a href=""http://twitter.com/download/iphone"" rel=""nofollow"">Twitter for iPhone</a>",925534445393928199,Wed Nov 08 21:42:46 +0000 2017,,355,7,16,en,,Carter,350
30,,0,,en,,"<a href=""http://twitter.com/download/android"" rel=""nofollow"">Twitter for Android</a>",925534445393928199,Sat Apr 29 22:07:41 +0000 2017,https://t.co/FOOqgrQqtK,61,5,25,en,Thermopolae ,Northern Spartan,168
31,,0,,en,,"<a href=""http://twitter.com/download/iphone"" rel=""nofollow"">Twitter for iPhone</a>",925534445393928199,Fri Jan 15 04:51:13 +0000 2016,Pray...Pray.. For America And Our PresidentğŸ™ğŸ‡ºğŸ‡¸,24568,3537,3023,en,,Kathy,22299
32,,0,,en,,"<a href=""http://twitter.com/download/android"" rel=""nofollow"">Twitter for Android</a>",925534445393928199,Fri Jun 19 08:39:24 +0000 2009,,370,7,25,en,,Don Fogt,277
33,,0,,en,,"<a href=""http://twitter.com/download/iphone"" rel=""nofollow"">Twitter for iPhone</a>",925534445393928199,Sun Mar 20 08:20:56 +0000 2016,A YouTuber and hoping to be a scientist.,5498,178,95,en-GB,United Kingdom,Camster 202,2310
34,,0,,en,,"<a href=""http://twitter.com/download/iphone"" rel=""nofollow"">Twitter for iPhone</a>",925534445393928199,Wed Jul 08 15:54:53 +0000 2009,,116515,1083,207,en,,Laurie Ann R Baker,150204
35,,0,,en,,"<a href=""http://twitter.com/download/android"" rel=""nofollow"">Twitter for Android</a>",925534445393928199,Wed Sep 24 16:04:29 +0000 2014,"Engraved in my heart is The @RangersFC. Everton FC. Pro Wrasslin. Yes, I still watch it although it's shit now. Like a lion. Grrr... PSN: Look_at_em123",198075,1745,0,en,"Glasgow, Scotland",Look_at_em123 âš½ğŸ”¥,92027
36,,0,,en,,"<a href=""http://twitter.com/download/android"" rel=""nofollow"">Twitter for Android</a>",925534445393928199,Sun Dec 02 20:25:00 +0000 2012,,85,12,13,en,,Brandon Cummings,4
37,,0,,en,,"<a href=""http://twitter.com"" rel=""nofollow"">Twitter Web Client</a>",925534445393928199,Wed Jul 19 13:53:55 +0000 2017,,19,11,0,ru,,langfang,208
38,,0,,en,,"<a href=""http://twitter.com/download/iphone"" rel=""nofollow"">Twitter for iPhone</a>",925534445393928199,Wed May 06 16:45:27 +0000 2015,,1320,40,143,en,,Shan Jerri,1793
39,,0,,en,,"<a href=""http://twitter.com/download/android"" rel=""nofollow"">Twitter for Android</a>",925534445393928199,Wed Mar 29 09:27:43 +0000 2017,Â¡Â¡Ya es OtoÃ±o!!,41473,1514,4999,es,"GijÃ³n, EspaÃ±a",Pelayo Moro Cueto,47420
40,,0,,en,,"<a href=""http://twitter.com/download/android"" rel=""nofollow"">Twitter for Android</a>",925534445393928199,Mon Mar 14 06:20:09 +0000 2016,"Human Resource Manager, 
TRUMP Thank You America is a big girl, we can put our big girl panties on and take it. Thank you for telling the truth....",4415,262,269,en,"Florida, USA",HELPAMERICA,7178
41,,0,,en,,"<a href=""http://twitter.com/download/android"" rel=""nofollow"">Twitter for Android</a>",925534445393928199,Sat Feb 25 21:55:00 +0000 2012,,61394,3059,938,en,,Nancy c Ballum,224099
42,,0,,en,,"<a href=""http://twitter.com"" rel=""nofollow"">Twitter Web Client</a>",925534445393928199,Fri Oct 20 14:58:18 +0000 2017,"I yell at inanimate objects, Political Activist, Money Activator, Fantasy Fruit Loop ğŸ˜°.",306,6,3,zh-cn,"Polk Park, Dallas",Sempak Natalio,303
43,,0,,en,,"<a href=""http://twitter.com/download/android"" rel=""nofollow"">Twitter for Android</a>",925534445393928199,Fri Jun 13 13:24:15 +0000 2014,Married Stepdad/Grandpa/Great-Grandpa. SAC Security Police Cold War/Cardiopulmonary Technician Disabled Veteran. #MAGA #Repeal_RoevWade #DefundPP,39810,4836,5268,en,"Midwest City, Oklahoma",Stephen Alley,79503
44,,0,,en,,"<a href=""http://twitter.com/download/iphone"" rel=""nofollow"">Twitter for iPhone</a>",925534445393928199,Thu May 28 20:13:39 +0000 2009,#MAGA #1A #2A #CCOT #CONSTITUTIONALCONSERVATIVE #PATRIOT #MILITARY #VETERANS #BlueLivesMatter #SOVEREIGNTY #BORDER â¤ï¸â¤ï¸â¤ï¸ ğŸ‡ºğŸ‡¸ğŸ‡®ğŸ‡±https://t.co/XHRHBs69NW,34010,3652,3693,en,Los Angeles,Tarri Markel,32369
45,,0,,en,,"<a href=""http://twitter.com/download/android"" rel=""nofollow"">Twitter for Android</a>",925534445393928199,Thu Aug 10 16:46:15 +0000 2017,à¤¹à¤°à¥‡à¤°à¤¾à¤® à¤¸à¤¿à¤‚à¤¹  à¤¸à¤¾à¤®à¤¾à¤œà¤¿à¤• à¤•à¤¾à¤°à¥à¤¯à¤•à¤°à¥à¤¤à¤¾,7,8,70,en,à¤¯à¥‚à¤ªà¥€ à¤¦à¥‡à¤µà¤°à¤¿à¤¯à¤¾.à¤¬à¤°à¤¹à¤œ,Hareram Singh,29
46,,0,,en,,"<a href=""http://twitter.com/download/iphone"" rel=""nofollow"">Twitter for iPhone</a>",925534445393928199,Sun Sep 28 14:56:10 +0000 2014,,1115,115,107,en,,Steve,4365
47,,0,,en,,"<a href=""http://twitter.com"" rel=""nofollow"">Twitter Web Client</a>",925534445393928199,Fri Oct 20 15:00:16 +0000 2017,"Ironing Man, Cultural Mythologist, Creator of Systems, Conveyor of Messages ğŸ˜–.",436,9,5,zh-cn,"Nakkila, Suomi",Hrayr Bahtiyar,217
48,,0,,en,,"<a href=""https://mobile.twitter.com"" rel=""nofollow"">Twitter Lite</a>",925534445393928199,Thu Sep 08 23:11:15 +0000 2011,"A mom, full time job, martial artist and loyal Trump supporter",722,26,17,en,Indiana,USA!,811
49,,0,,en,,"<a href=""http://twitter.com/download/android"" rel=""nofollow"">Twitter for Android</a>",925534445393928199,Tue Aug 25 20:47:53 +0000 2015,"ğŸš©à¤­à¤—à¤µà¤¾ à¤…à¤ªà¤¨à¤¾ à¤œà¥€à¤µà¤¨ à¤¹à¥ˆ à¥¤ à¤­à¤—à¤µà¤¾ à¤…à¤ªà¤¨à¥€ à¤ªà¤¹à¤šà¤¾à¤¨ à¤¹à¥ˆ à¥¤ à¤­à¤—à¤µà¤¾ à¤¸à¥‡ à¤¹à¥€ à¤¹à¤¿à¤‚à¤¦à¥‚ à¤¹à¥ˆ , à¤­à¤—à¤µà¤¾ à¤¸à¥‡ à¤¹à¤¿à¤‚à¤¦à¥à¤¸à¥à¤¤à¤¾à¤¨ à¤¹à¥ˆ à¥¥ à¤œà¤¯ à¤­à¤—à¤µà¤¾ à¥¥ ğŸš©ğŸš©",4541,1170,5,en,"Bihar, India",satish kumar sah,7238
50,,0,,en,,"<a href=""http://twitter.com"" rel=""nofollow"">Twitter Web Client</a>",925534445393928199,Fri Oct 20 11:33:14 +0000 2017,"growing collection of bones, Mother of two, Baconator, I have a unique ğŸ¤£.",1289,5,3,zh-cn,"Hampstead, New Brunswick",Vildan Arbab,821
51,,0,,en,,"<a href=""http://twitter.com/download/android"" rel=""nofollow"">Twitter for Android</a>",925534445393928199,Tue Sep 08 19:46:43 +0000 2009,Constitutional Conservative I love this country and the Progressives are destroying it but I will work to stop them! Novelist fiction/political,1568,654,954,en,"Greensboro, Ga",JD Carpanzano,6994
52,,0,,en,,"<a href=""http://twitter.com/#!/download/ipad"" rel=""nofollow"">Twitter for iPad</a>",925534445393928199,Fri Dec 16 05:00:47 +0000 2016,"Preserve, protect, and defend the Constitution; joined Twitter to follow Trump; miracles are taking place all around us; fantastic time to be alive!",15592,334,863,en,"Georgia, USA",InTrumpWeTrust,9821
53,,0,,en,,"<a href=""http://twitter.com"" rel=""nofollow"">Twitter Web Client</a>",925534445393928199,Fri Oct 20 11:33:46 +0000 2017,"I used to think that you could just go to the bank and ask for money, Born at a very young age, The 7th Avenger, Mitt Romney's Family Dog ğŸ’¤.",1169,2,2,zh-cn,"Toms River, NJ",Subimal Lachandra,810
54,,0,,en,,"<a href=""https://mobile.twitter.com"" rel=""nofollow"">Twitter Lite</a>",925534445393928199,Wed May 17 23:48:47 +0000 2017,,286,2,1,en,,John Smith,159
55,,0,,en,,"<a href=""http://twitter.com"" rel=""nofollow"">Twitter Web Client</a>",925534445393928199,Fri Oct 20 11:33:38 +0000 2017,"I will lick you if you come into my personal space, Harry Potter Lover, growing collection of bones, I own a magikarp ğŸ˜·.",1176,3,4,zh-cn,"East Garden City, NY",Ambrocio Bipasha,810
56,,0,,en,,"<a href=""http://twitter.com/download/iphone"" rel=""nofollow"">Twitter for iPhone</a>",925534445393928199,Sat Feb 04 02:10:02 +0000 2017,"You think identity politics is your ally? You've merely adapted to it. I was born in it, molded by it. https://t.co/9LlfP3VojW #2A #BoR",44195,415,309,en,,Barbara's Left Tentacleâ“Š,26656
57,,0,,en,,"<a href=""http://twitter.com/download/android"" rel=""nofollow"">Twitter for Android</a>",925534445393928199,Wed Nov 11 07:05:16 +0000 2015,Native Hawaiian conservative. Mother of 8 Grandmother of 20 and Great-grandmother of 7 which means-- I'm all in.,12392,511,487,en,"Kahuku, HI",Lani Vanaman,15145
58,,0,,en,,"<a href=""http://twitter.com/#!/download/ipad"" rel=""nofollow"">Twitter for iPad</a>",925534445393928199,Sat Feb 04 17:12:48 +0000 2017,"Unconditional love, greatgrandmother, 100% TRUMP, natural healing enthusiast, supports our troops,veterans, loves God, animals, nature..",16413,1758,1573,en,Texas,Marilyn Sterns,25462
59,,0,,en,,"<a href=""http://twitter.com/download/android"" rel=""nofollow"">Twitter for Android</a>",925534445393928199,Thu Oct 19 22:04:02 +0000 2017,Healed by  the Hand of  Almighty God Trump Supporter and Nationalist#maga I  love my country my President and Pray for  National  Revival.#America First. #,14613,922,1019,en,"Tampa, FL",Saundra  O'Neal,15797
60,,0,,en,,"<a href=""http://twitter.com/download/android"" rel=""nofollow"">Twitter for Android</a>",925534445393928199,Thu Apr 04 21:45:08 +0000 2013,"#ITrustTrump #MAGA

Searching for truth, 
justice, & the American way.

Propaganda Warriors are ğŸš«",92902,6109,5108,en,United States,Dale W. ğŸ‡ºğŸ‡¸,73558
61,,0,,en,,"<a href=""https://mobile.twitter.com"" rel=""nofollow"">Twitter Lite</a>",925534445393928199,Sat Jun 27 20:45:21 +0000 2009,Donald Trump supporter.  Animal activist.  Retired Cop.,2668,606,2500,en,GA,KarmaKool,10034
62,,0,,en,,"<a href=""http://twitter.com/download/iphone"" rel=""nofollow"">Twitter for iPhone</a>",925534445393928199,Tue Nov 07 19:16:36 +0000 2017,#MAGALady #AmericaFirst ğŸ‡ºğŸ‡¸,368,29,12,en,,Maria,374
63,,0,,en,,"<a href=""http://twitter.com/download/iphone"" rel=""nofollow"">Twitter for iPhone</a>",925534445393928199,Tue Jul 21 18:06:54 +0000 2009,"Conservative Christian retired, AF Vet, Aerospace Engineer, Married 50 +, 2kids 5 grand kids. Worked 60 +years since I was 15 washing dishes, 60's era guy, MAGA",362808,26630,26850,en,,The Hammer,836058
64,,0,,en,,"<a href=""http://www.twitter.com"" rel=""nofollow"">Twitter for Windows</a>",925534445393928199,Tue Dec 02 06:03:30 +0000 2014,,82623,1674,1518,en,,Ana,97248
65,,0,,en,,"<a href=""http://twitter.com/download/android"" rel=""nofollow"">Twitter for Android</a>",925534445393928199,Thu Jun 26 17:15:27 +0000 2014,Married proud #ArmyMom #hunting #2A #1A can't stand #PC I fully support #Military #LEOS #Stand4TheAnthem #HRC #BHO should be in prison #Russia hoax witch hunt,26804,2305,2492,en,"KS, OR, AZ, OK, AL",Heather,14430
66,,0,,en,,"<a href=""http://twitter.com/download/android"" rel=""nofollow"">Twitter for Android</a>",925534445393928199,Tue Aug 01 18:56:04 +0000 2017,"ğŸŒŸBelieve in Yourself~In Our Country~ğŸŒŸBe Strong & Bold #FREESPEECH~ğŸ‘„
ğŸ‡ºğŸ‡¸I Live in The United States Not Divi/ded States~
ğŸ’– #POTUSTrump #MAGA ğŸ’– ğŸ—½ğŸ‡ºğŸ‡¸",9574,714,737,en,USA,SOFIAH BELL ğŸ’‹,16192
67,,0,,en,,"<a href=""http://twitter.com/download/android"" rel=""nofollow"">Twitter for Android</a>",925534445393928199,Tue Jun 30 20:54:15 +0000 2015,"âœ Christ (Yahushua) is our King as God is our Father âœğŸ›
TruthğŸ”¹Sports: GoLEAFsGo!!!ğŸ”¹Br'odd sense of humorğŸ”¹ï¸Don't think you are...Know you are ğŸ˜",23535,3174,2866,en,,âœğŸ‡¨ğŸ‡¦ JOEL ğŸ‡ºğŸ‡¸âœ,45020
68,,0,,en,,"<a href=""http://twitter.com"" rel=""nofollow"">Twitter Web Client</a>",925534445393928199,Sun Jul 09 19:19:21 +0000 2017,"Truth, Logic & Reason are my Holy Trinity & I Defend them without Apology
#FlamesuckerğŸ”¥Program Yourself
& Soar like the Silver Surfer",17982,3199,2238,en,"Texas, USA",#SoulWAR,25864
69,,0,,en,,"<a href=""http://twitter.com/download/android"" rel=""nofollow"">Twitter for Android</a>",925534445393928199,Wed Aug 24 16:03:28 +0000 2016,"Mother of two beautiful young women, grandmother to three beautiful girls, devoted TRUMP SUPPORTER",137740,2879,3711,en, NY,MARI E,132272
70,,0,,en,,"<a href=""http://twitter.com/#!/download/ipad"" rel=""nofollow"">Twitter for iPad</a>",925534445393928199,Tue Jul 19 15:46:05 +0000 2016,https://t.co/0ZtOhqMgzh,53987,1433,5002,en,usa,Kim Dong-LOL,72704
71,,0,,en,,"<a href=""http://twitter.com/download/android"" rel=""nofollow"">Twitter for Android</a>",925534445393928199,Wed Sep 13 12:13:32 +0000 2017,,70,13,25,en,,Jim Waurishuk,496
72,,0,,en,,"<a href=""http://twitter.com/download/android"" rel=""nofollow"">Twitter for Android</a>",925534445393928199,Tue Jul 26 20:34:59 +0000 2011,"Conservative, Scuba Diver, Gun-totin Southern Lady who loves her Family. America is still the best thing since sliced bread. Save her! God Bless the USA! #tTGDN",41710,4403,3924,en,Proud Auburn Tiger. War Eagle!,ScubaBebe,163323
73,,0,,en,,"<a href=""http://twitter.com/download/iphone"" rel=""nofollow"">Twitter for iPhone</a>",925534445393928199,Wed Jul 19 00:28:54 +0000 2017,,353,16,144,en,,deliver5!5,354
74,,0,,en,,"<a href=""http://twitter.com/download/android"" rel=""nofollow"">Twitter for Android</a>",925534445393928199,Mon Mar 05 20:09:25 +0000 2012,"So much WINNING! 
Keeping my head, heels & standards HIGH! 
Drinking only the finest tequila! 
Northern California Glamazon!",38909,9982,8047,en,Northern California,Vicki,97237
75,,0,,en,,"<a href=""http://twitter.com/download/android"" rel=""nofollow"">Twitter for Android</a>",925534445393928199,Sun Apr 19 21:44:43 +0000 2009,"(':  I just LOVE our @POTUS !!!! Have since the 70's when we (tabloid watchers) called him, ""The Donald"". May God Bless this man every day! (':",55442,1322,471,en,SC,Sputtter,19984
76,,0,,en,,"<a href=""http://twitter.com"" rel=""nofollow"">Twitter Web Client</a>",925534445393928199,Wed Mar 21 02:33:50 +0000 2012,,97232,1188,1192,en,Fremont.Ca,david henderson,93038
77,,0,,en,,"<a href=""http://twitter.com/#!/download/ipad"" rel=""nofollow"">Twitter for iPad</a>",925534445393928199,Thu Jan 26 20:44:44 +0000 2017,Human being who lives by the ever so true words of Captain Jason Nesmith: Never give up! Never surrender! Galaxy Quest #MAGA. I'm on https://t.co/iOShSmdeGB,56882,2172,1871,en,Virginia,Aungie xyz,66594
78,,0,,en,,"<a href=""http://twitter.com/download/android"" rel=""nofollow"">Twitter for Android</a>",925534445393928199,Sun Feb 26 03:56:23 +0000 2017,,191,14,153,en,,John Brouder,199
79,,0,,en,,"<a href=""http://twitter.com/download/iphone"" rel=""nofollow"">Twitter for iPhone</a>",925534445393928199,Mon May 18 22:38:44 +0000 2009,"Christian, constitutional Conservative",398,1961,2402,en,"Arizona, Always with Trump 2020",Patti Woolley,78937
80,,0,,en,,"<a href=""http://twitter.com/download/iphone"" rel=""nofollow"">Twitter for iPhone</a>",925534445393928199,Tue Oct 11 14:07:12 +0000 2016,,15167,371,461,en,,Jmi,9527
81,,0,,en,,"<a href=""http://twitter.com/download/iphone"" rel=""nofollow"">Twitter for iPhone</a>",925534445393928199,Sun Jul 17 20:22:48 +0000 2016,ğŸ‡ºğŸ‡¸US Marine/LEO/US Military Contractor/LE Instructor/Dinosaur.ğŸ‡ºğŸ‡¸,50093,3175,4373,en,,Robert Hameroff,53774
82,,0,,en,,"<a href=""http://twitter.com/download/android"" rel=""nofollow"">Twitter for Android</a>",925534445393928199,Tue Nov 04 04:04:51 +0000 2008,https://t.co/69kqZTsX3m  Patriot Proudly served under Ronald Reagan. Honored 2b followed by Scaramucci @scaramucci and Bill Mitchell @mitchellvii ğŸ‡ºğŸ‡¸ğŸ‡ºğŸ‡¸ğŸ‡ºğŸ‡¸,186649,24664,21917,en,Traveling USA,Trump Landslide 2020,201950
83,,0,,en,,"<a href=""http://twitter.com"" rel=""nofollow"">Twitter Web Client</a>",925534445393928199,Tue Apr 28 14:03:26 +0000 2009,"I'm a LHP Luciferian Goth LHP Pagan living in Central NY I'm all about personal freedom, & I Hate Seeing People Getting Butthurt Over Nothing... #MAGA ğŸ‡ºğŸ‡¸",254543,2642,4989,en,Central New York,loveunderlaw,252419
84,,0,,en,,"<a href=""http://twitter.com/download/iphone"" rel=""nofollow"">Twitter for iPhone</a>",925534445393928199,Fri Nov 03 17:54:13 +0000 2017,,133,24,99,en,,Riley Keenan,140
85,,0,,en,,"<a href=""http://twitter.com"" rel=""nofollow"">Twitter Web Client</a>",925534445393928199,Mon Nov 07 00:18:49 +0000 2016,,12,8,45,en,,Brandon Parise,82
86,,0,,en,,"<a href=""http://twitter.com/download/iphone"" rel=""nofollow"">Twitter for iPhone</a>",925534445393928199,Thu Sep 12 21:51:44 +0000 2013,,7275,306,846,en,"Corpus Christi, TX",george richards,6540
87,,0,,en,,"<a href=""http://twitter.com/download/iphone"" rel=""nofollow"">Twitter for iPhone</a>",925534445393928199,Wed Jan 20 17:23:53 +0000 2016,"Very #conservative, hard working, #Christian, #MAGA, #Trump, #DrainTheSwamp, #Trump2020, #MAGAMICHIGAN",788,2731,3905,en,"Traverse City, MI",Patrick Prior,25767
88,,0,,en,,"<a href=""http://twitter.com/download/android"" rel=""nofollow"">Twitter for Android</a>",925534445393928199,Fri Dec 23 00:23:13 +0000 2011,High up here in the Rocky Mountains.... Gratefully Deadicated,865,65,2197,en,"Denver, CO",Randy Ramsay,1086
89,,0,,en,,"<a href=""http://twitter.com/download/iphone"" rel=""nofollow"">Twitter for iPhone</a>",925534445393928199,Tue Nov 07 09:34:03 +0000 2017,MAKE AMERICA GREAT AGAIN,391,8,12,en,,Jack,390
90,,0,,en,,"<a href=""http://twitter.com/download/android"" rel=""nofollow"">Twitter for Android</a>",925534445393928199,Thu May 14 18:56:41 +0000 2009,Outraged against all the outrage against the outrage.,1384,624,322,en,Milan,Syed Zaigham Abbas,6218
91,,0,,en,,"<a href=""http://twitter.com"" rel=""nofollow"">Twitter Web Client</a>",925534445393928199,Fri Oct 20 11:31:19 +0000 2017,"Believer, Aspiring Yogi, I don't want to say I'm a genius, I find uncooked beef patty *very* seductive ğŸ˜”.",612,12,0,en,"Webster, NY",Tonay Marecil,847
92,,0,,en,,"<a href=""http://twitter.com/#!/download/ipad"" rel=""nofollow"">Twitter for iPad</a>",925534445393928199,Tue Mar 17 08:03:49 +0000 2015,Mother... Housewife... Patriot...Trump supporter...Television enthusiast.,65199,1512,1164,en,,Shannon,54171
93,,0,,en,,"<a href=""http://twitter.com/download/iphone"" rel=""nofollow"">Twitter for iPhone</a>",925534445393928199,Sat Aug 06 05:59:21 +0000 2011,"Trump day 1,MAGA, 2A, Drain swamp & Rino's, Build Wall! I've got  my trueâ¤ï¸so if u r ğŸ‘€don't here:)I'm a proud ğŸ‡ºğŸ‡¸AF Vet! â¤ï¸dogs/kids, hurt them I hurt U !USA.",3687,6472,5541,en,illinois ,Dottie Bronson,6727
94,,0,,en,,"<a href=""http://twitter.com/#!/download/ipad"" rel=""nofollow"">Twitter for iPad</a>",925534445393928199,Sun Aug 10 21:00:23 +0000 2014,"ğŸ‡ºğŸ‡¸â›µï¸Sailing the high seas with @POTUS Trump #MAGAâ¤ğŸ‡ºğŸ‡¸Patriotic Reagan, Roosevelt ConservativeğŸ‡ºğŸ‡¸School Teacher, Registered DietitianğŸ",4174,365,556,en,"Beautiful Central Coast, CA",Teresa CarperğŸ‡ºğŸ‡¸,800
